;Strukturdaten für die Wahlkreise zum 16. Deutschen Bundestag;;;;;;;;;;;;;;;;;;;;;;;;;;;;;;;;;;;;;;
Land-Nr.;Wahlkreis;;Bemerkungen;Gemeinden am 31.12.2004;Fläche am 31.12.2004 (in km2);Bevölkerung am 31.12.2004 (in 1000);;;Bevölkerungsdichte am 31.12.2004 (Einwohner je km2);Bevölkerung im Alter von ... bis unter ... Jahren am 31.12.2002 (in %);;;;;;Bevölkerungsbewegung 2003 (je 1000 Einwohner);;;;;Landwirtschaft 2001;;Bergbau- und verarb. Gewerbe am 30.09.2002;;Bautätigkeit und Wohnungswesen (je 1000 Einwohner);;Kfz-Bestand am 31.01.2003 (je 1000 Einwohner);Schulabgänger nach Abschlussarten 2002;;;;;Arbeitslosenquote Ende Dezember;;Sozialversicherungspflichtig Beschäftigte am 30.06.2004;;;;
;Nr.;Name;;;;insgesamt;männlich;Deutsche;;unter 15;15 - 18;18 - 25;25 - 35;35 - 60;60 und mehr;Lebend-geborene;Gestor-bene;Zuzüge;Fortzüge;"Zu- (+)
bzw.
Abnahme (-)";Betriebe (je 1000 Einwohner);landwirt-schaftlich genutzte Fläche (LF) (ha je Betrieb);Betriebe (je 1000 Einwohner);Beschäftigte (je 1000 Einwohner);Fertiggestellte Wohnungen 2002;Bestand an Wohnungen am 31.12.2002;;insgesamt (je 1000 Einwohner);ohne Haupt-schul-abschluss (in %);mit Haupt-schul-abschluss (in %);mit Realschul-abschluss (in %);mit allgemei-ner Hoch-schulreife (in %);2003;2004;insgesamt (je 1000 Einwohner);Land- und Forst-wirtschaft, Fischerei (in %);Produzie-rendes Gewerbe (in %);Handel u. Verkehr, Nachrich-tenüber-mittlung (in %);übrige Dienstleis-tungen1) (in %)
Schleswig-Holstein;1;Flensburg - Schleswig;Erläuterungen siehe Vorbemerkungen;137;2127,9;285,8;141,1;271,5;134;16,7;3,4;8;12,9;34,4;24,8;8,4;11,2;53,7;47,5;3,4;9,7;53,6;0,4;44,7;4,3;467,4;664;11,6;11,5;38;27,7;21,3;11,7;12,5;267,6;2,1;24,6;27,5;45,8
Schleswig-Holstein;2;Nordfriesland - Dithmarschen Nord;Erläuterungen siehe Vorbemerkungen;201;2742,5;235;114,7;225,8;86;16,8;3,3;7,3;12,5;33,9;26,2;9,2;10,5;40,9;35,5;4;16,8;50,5;0,4;21,7;5,5;516,5;727,9;11,3;8,3;43,4;32,6;14,4;12,8;13;274;2,3;18,5;35,1;44
Schleswig-Holstein;3;Steinburg - Dithmarschen Süd;Erläuterungen siehe Vorbemerkungen;180;2000,7;229,9;113,5;220,1;115;17,5;3,5;6,9;12,1;35,4;24,7;9,1;11,6;33,2;30,4;0,2;12,3;47,7;0,4;66,9;3,7;448,4;544,8;9,2;8,6;7,6;47,2;32,7;12,5;13,3;237,2;2,6;31,1;23,4;42,9
Schleswig-Holstein;4;Rendsburg-Eckernförde;Erläuterungen siehe Vorbemerkungen;164;2161;251,5;124,3;243,2;116;17,3;3,3;7;12,3;36,2;23,9;8,9;10,4;41,8;38,6;1,7;10,8;52,7;0,4;28,1;3,5;435,4;706,5;9,9;10,9;36,6;31,9;18,9;8,8;10,5;229;3,2;25,5;25,3;46,1
Schleswig-Holstein;5;Kiel;Erläuterungen siehe Vorbemerkungen;3;142,8;254,9;123,8;232,4;1785;13,1;2,5;9,2;16,2;35,1;23,9;8,6;10,1;61,7;61,2;-1;0,4;31;0,4;58,1;1,7;548,4;526,2;9,6;10,6;26,5;28,7;31,7;14,4;15,4;427;0,2;19,4;22,2;58,3
Schleswig-Holstein;6;Plön - Neumünster;Erläuterungen siehe Vorbemerkungen;93;1301,7;225,9;112,4;216,3;174;16;3,2;6,8;12,9;35,5;25,7;7,9;10,8;46;42,7;0,4;5,9;58,7;0,5;37,4;2,8;467,5;641,7;10,3;10,5;36,7;27,8;23,1;12;12,8;240,8;2,2;25,1;29;43,7
Schleswig-Holstein;7;Pinneberg;Erläuterungen siehe Vorbemerkungen;49;664,2;298,3;145,9;276,9;449;15,7;3;6,7;12,2;37,5;24,8;8,5;9,8;43,7;37,9;4,4;4,6;27,6;0,6;54,6;4,2;465,7;648,4;10,2;7,8;32,6;32,4;25,6;9,8;9,9;254,8;3,2;32,2;31,5;33,1
Schleswig-Holstein;8;Segeberg - Stormarn-Nord;Erläuterungen siehe Vorbemerkungen;95;1333,4;297,9;145,9;283,5;223;16,6;3,2;7,1;12,4;37,7;22,9;9,1;9,6;46,8;40,5;5,7;6,1;46,3;0,7;62,8;7,4;442,8;739,2;9,8;10,3;33,7;37,4;15,8;8,8;9,1;288,1;1,5;32,2;31,3;34,9
Schleswig-Holstein;9;Ostholstein;Erläuterungen siehe Vorbemerkungen;49;1532,7;224,2;108,4;215,6;146;15;3;6,8;11,6;35,8;27,9;7,6;11,9;45,6;38,2;3,1;6,8;68,8;0,4;30,8;3,5;503,2;673,2;9,8;12,8;36,7;33,3;16,2;12,7;12,6;241,5;2,1;22,6;32,5;42,8
Schleswig-Holstein;10;Herzogtum Lauenburg - Stormarn-Süd;Erläuterungen siehe Vorbemerkungen;126;1350;295,3;142,8;280,8;219;15,7;3,1;6,5;11,6;36,7;26,4;8,5;10,7;48,3;41,7;4,4;4,1;56,7;0,6;61,7;5,4;451,8;698,5;9,3;10,5;34,3;30,8;22,9;8,6;8,8;249,7;1,9;35,1;26,9;36
Schleswig-Holstein;11;Lübeck;Erläuterungen siehe Vorbemerkungen;28;406,2;230,1;109,7;211,4;566;14,3;2,8;7,9;13,6;34,1;27,2;8,6;12,8;56,8;55,2;-2,6;1,8;49,6;0,5;65,7;2;513,1;529;10,2;13,7;30,9;31,8;21,3;15,1;15,6;362,5;0,5;24,4;27,9;47,2
Schleswig-Holstein;0;Land insgesamt;Erläuterungen siehe Vorbemerkungen;1125;15763,2;2828,8;1382,5;2677,5;179;15,9;3,1;7,3;12,8;35,7;25,2;8,6;10,8;47,1;42,5;2,4;7,1;51,3;0,5;48,1;4,1;476,6;662,6;10,3;10,9;35,5;31,2;20,7;11,2;11,8;275,5;1,9;26,9;27,9;43,3
Mecklenburg-Vorpommern;12;Wismar - Nordwestmecklenburg - Parchim;;177;4350;270,1;135;264,6;62;13;4,8;9,5;11,4;38;23,3;7,4;10,4;38;41,6;-6,6;3,6;276,9;0,4;34;3,8;464;646,5;14,5;12;21,2;47,5;18,3;16,8;18,8;248,3;6,1;31,3;20,7;41,9
Mecklenburg-Vorpommern;13;Schwerin - Ludwigslust;;94;2647,4;226,5;111,6;219,7;86;12,5;4,6;9,9;11,7;37,5;23,9;7,8;10,2;45,8;50,7;-7,3;3,2;191;0,6;39,2;2,9;501;606,2;15,6;9,2;17,8;49,8;22,4;14,9;16,1;362,4;2,8;24,3;21,4;51,4
Mecklenburg-Vorpommern;14;Rostock;;24;633,3;233,4;114,9;225,5;369;10,9;4,2;10,6;12,4;36,8;25,1;8;10,3;52,7;50,2;0,2;0,1;106,9;0,4;33,7;6,6;544,4;468,9;14,3;12,4;12,7;42,6;31;19,4;21,5;367,6;0,6;16,3;24,6;58,5
Mecklenburg-Vorpommern;15;Stralsund - Nordvorpommern - Rügen;;113;3181,6;244,9;120,9;241,2;77;11,8;4,7;9,8;10,6;37,7;25,4;6,7;10,5;33,2;38,5;-9,2;2,8;287,2;0,3;20,2;5,7;509,3;602,7;15,4;10,4;20,3;51,5;16,9;25;27,5;283,9;4,2;17,6;31,8;46,4
Mecklenburg-Vorpommern;16;Greifswald - Demmin - Ostvorpommern;;174;3881,8;252;124,6;246,1;65;12,2;4,8;10,2;11,1;37,2;24,6;7,4;10,5;34,3;39,8;-8,6;3,4;289,6;0,4;24,2;5,8;504,5;612,3;15,6;10,3;21,2;49,3;18,2;25,1;28;279,6;5,3;21,6;25,4;47,7
Mecklenburg-Vorpommern;17;Bad Doberan - Güstrow - Müritz;;180;4680,9;261;129,8;256,3;56;12,8;5;9,6;11;38,2;23,4;7,4;9,7;34,5;36,6;-4,3;4,3;242,6;0,4;26;6,2;477,8;649,3;15,5;10,6;20,6;48,7;19,4;21,4;23,3;267,4;5,7;24,5;28,7;41,1
Mecklenburg-Vorpommern;18;Neubrandenburg - Mecklenburg-Strelitz - Uecker-Randow;;111;3799,3;231,8;115,3;226,8;61;12;4,8;10,2;11;38,1;24;7,1;10,1;32,5;43,7;-14,2;2,7;280,9;0,3;19,9;3,1;492,9;635,9;16,5;10,9;17,9;45,8;24,3;25,3;27,3;304;4,3;19,1;22,3;54,3
Mecklenburg-Vorpommern;0;Land insgesamt;;873;23174,2;1719,7;852,1;1680,2;74;12,2;4,7;9,9;11,3;37,7;24,2;7,4;10,2;38,1;42,5;-7,2;3;260;0,4;27,9;4,9;498,3;608,6;15,4;10,8;19,1;48,1;21;21,2;23,3;297,6;4,1;22,1;25;48,8
Hamburg;19;Hamburg-Mitte;Erläuterungen siehe Vorbemerkungen;1;119,7;366,9;184;296,3;3064;13,4;2,7;8,1;16,2;35,6;24;9,2;10,4;45,8;41,4;3,2;0,7;11,3;0,3;58,3;2,1;501,3;546,4;8,6;11,7;24,4;29,6;32,4;11,1;10,7;426,1;0,4;19,3;30,1;50,2
Hamburg;20;Hamburg-Altona;Erläuterungen siehe Vorbemerkungen;1;78,3;245,4;119,5;208,4;3133;13,4;2,7;8,1;16,2;35,6;24;9,2;10,4;45,8;41,4;3,2;0,7;11,3;0,3;58,3;2,1;501,3;546,4;8,6;11,7;24,4;29,6;32,4;11,1;10,7;426,1;0,4;19,3;30,1;50,2
Hamburg;21;Hamburg-Eimsbüttel;Erläuterungen siehe Vorbemerkungen;1;49,8;247,7;117,5;217;4970;13,4;2,7;8,1;16,2;35,6;24;9,2;10,4;45,8;41,4;3,2;0,7;11,3;0,3;58,3;2,1;501,3;546,4;8,6;11,7;24,4;29,6;32,4;11,1;10,7;426,1;0,4;19,3;30,1;50,2
Hamburg;22;Hamburg-Nord;Erläuterungen siehe Vorbemerkungen;1;114,9;265,9;125,3;241,4;2315;13,4;2,7;8,1;16,2;35,6;24;9,2;10,4;45,8;41,4;3,2;0,7;11,3;0,3;58,3;2,1;501,3;546,4;8,6;11,7;24,4;29,6;32,4;11,1;10,7;426,1;0,4;19,3;30,1;50,2
Hamburg;23;Hamburg-Wandsbek;Erläuterungen siehe Vorbemerkungen;1;77,2;290,4;139,4;259,5;3762;13,4;2,7;8,1;16,2;35,6;24;9,2;10,4;45,8;41,4;3,2;0,7;11,3;0,3;58,3;2,1;501,3;546,4;8,6;11,7;24,4;29,6;32,4;11,1;10,7;426,1;0,4;19,3;30,1;50,2
Hamburg;24;Hamburg-Bergedorf - Harburg;Erläuterungen siehe Vorbemerkungen;1;315,4;318,5;157,8;267,8;1010;13,4;2,7;8,1;16,2;35,6;24;9,2;10,4;45,8;41,4;3,2;0,7;11,3;0,3;58,3;2,1;501,3;546,4;8,6;11,7;24,4;29,6;32,4;11,1;10,7;426,1;0,4;19,3;30,1;50,2
Hamburg;0;Land insgesamt;;1;755,3;1734,8;843,6;1490,4;2297;13,4;2,7;8,1;16,2;35,6;24;9,2;10,4;45,8;41,4;3,2;0,7;11,3;0,3;58,3;2,1;501,3;546,4;8,6;11,7;24,4;29,6;32,4;11,1;10,7;426,1;0,4;19,3;30,1;50,2
Niedersachsen;25;Aurich - Emden;;25;1399,7;241,8;118,2;231,6;173;17,6;3,5;7,8;12,9;34,3;23,9;9,1;10,5;36,7;32,2;3,2;10;37;0,3;69,2;5;463,7;627,7;12,2;11,5;25,3;44,3;16,8;13,9;15;279,6;1,8;35,8;25,3;37
Niedersachsen;26;Unterems;;56;2596,5;305;151,6;288,9;117;19,2;4,1;8,3;13,1;33,7;21,6;9,7;10;31,7;26,8;4,6;15,2;33,5;0,4;31,1;6,5;391,8;653,6;12,4;12,3;30;42,6;13,9;13,6;14,6;201,4;2,2;27;30,3;40,5
Niedersachsen;27;Friesland - Wilhelmshaven;;28;1367,6;243,7;119,9;233,6;178;16,1;3,3;7,4;11,9;35;26,4;8,4;11,4;45,7;42,9;-0,3;9,2;40;0,4;37,8;3,5;513,1;656,2;10,8;11,6;28,7;40,2;17,6;13,7;14,5;253,1;1,2;25,8;24,1;48,8
Niedersachsen;28;Oldenburg - Ammerland;;7;831,2;273,6;132,5;257,8;329;15,8;3,1;8,1;14,1;36;23;9,2;9,7;64,4;55,6;8,3;6,1;28,9;0,5;44,3;4,3;481,9;647,1;11,1;8,6;24,8;36,7;27,4;11,2;11,9;349,2;3;22,2;25,8;49
Niedersachsen;29;Delmenhorst - Wesermarsch - Oldenburg-Land;;25;1947,2;295,3;146;277,3;152;17,3;3,5;6,9;12,1;36,5;23,8;8,9;10;43,3;39,8;2,3;10,1;43,7;0,5;61,5;4;445,2;674,6;10,5;8,7;27,7;46,8;15,2;11;10,9;228,6;1,9;36,4;25;36,7
Niedersachsen;30;Cuxhaven - Osterholz;;46;2015,9;270,1;132,6;254,8;134;16,4;3,2;6,5;11,6;36,8;25,5;8,3;11,1;40,5;35,4;2,4;11,5;41,9;0,3;25,5;5,6;450,3;711,6;11,2;10,6;29,5;43,1;15,7;10,2;10,9;183,3;2,7;27,2;28,2;41,9
Niedersachsen;31;Stade - Cuxhaven;;63;1973,3;244,8;121,1;233,2;124;17,6;3,5;7,2;12,3;36;23,3;9,6;10;42,2;35,9;5,9;14,3;38,8;0,4;51,1;4,9;446,9;702,2;11,3;12;24;46,4;15,5;8,5;9,2;250,7;1,8;33,4;29,4;35,4
Niedersachsen;32;Mittelems;;49;2351,2;302,7;150,5;281,6;129;18,8;4;8,4;13;33,9;21,9;10;9,2;31,9;28,8;4;14,8;31,4;0,7;75,8;6,9;387,6;675,8;14,2;8,8;29,8;41,9;18;9,3;9,9;277,5;1,8;43,3;21;33,9
Niedersachsen;33;Cloppenburg - Vechta;;23;2230,7;286,5;143,5;270;128;20,7;4,2;9;13,8;33,1;19,2;11,4;8,2;49,6;46;6,8;17,6;32,5;0,9;98,2;6,8;344,2;673,6;14,7;9,9;31,6;39,9;17;8;9,2;313;3,9;48,9;19,5;27,7
Niedersachsen;34;Diepholz - Nienburg I;;61;2487;247,3;122,9;235,2;99;16,9;3,3;6,9;12,1;36,3;24,5;8,1;10,7;46,7;40,4;3,8;16,7;40,2;0,7;48;5,6;404,5;744,9;10,8;9,5;22,6;47,4;18,5;7,6;8,4;248;2,1;32,8;30,9;34,1
Niedersachsen;35;Rotenburg - Verden;;69;2857,7;299,2;148,4;283,1;105;17,8;3,6;7,4;12,5;36;22,7;9,5;10;39,1;34,8;3,8;13,5;44,2;0,5;51,1;5,5;423,4;753,4;11,8;9,4;25,5;45,3;18,1;7,8;8,5;273,5;2,5;34,5;27,1;35,9
Niedersachsen;36;Soltau-Fallingbostel - Winsen L.;;47;2390,1;323,6;158,5;307,1;135;16,8;3,2;6,7;11,9;36,9;24,5;9;9,9;42,5;37,3;4,3;7,2;44,5;0,4;29,7;3,6;445,8;726,8;10,6;8,8;30,3;41,2;17,7;8,6;8,9;217,2;2,3;27,4;31,3;38,9
Niedersachsen;37;Lüchow-Dannenberg - Lüneburg;;89;3271,4;285,3;140,1;270,8;87;16,3;3,2;7,8;13,1;35,5;24,1;8,8;10,7;45,4;36,9;6,5;8,6;61;0,5;51,2;5,8;443,9;663,2;9,6;8,4;21,8;42,6;24,5;12,6;13,3;247,2;2,4;29,7;23,6;44,3
Niedersachsen;38;Osnabrück-Land;;29;1916;263,3;131,7;249,4;137;19;4,1;8,4;13;34,4;21,1;9,8;9,6;40,6;37,5;3,3;14,9;29,1;0,7;81,1;5,1;383,5;695,6;10,9;9,4;26,9;49,2;12,2;7,6;8,1;255,8;2;44,7;22,6;30,6
Niedersachsen;39;Stadt Osnabrück;;6;325,3;260,6;125,3;242,3;801;14,7;3,1;9,4;14,6;34,3;23,8;8,6;9,8;66,8;59,8;5,8;2,2;22,8;0,6;100,9;2,9;469;554,6;13,5;7,8;18,6;38,7;30,2;10,9;11,8;485,9;0,3;28,6;27,3;43,9
Niedersachsen;40;Nienburg II - Schaumburg;;60;1575;260,2;127,2;243,7;165;16,4;3,3;7,2;11,8;35,3;25,9;8,6;12,2;40,1;38,7;-2,1;7,3;44,4;0,6;61,4;3,6;438,2;779,8;10,6;10,5;22,6;43,6;20,6;10,3;11,4;234,1;1,6;37,6;22,7;38,1
Niedersachsen;41;Stadt Hannover I;Erläuterungen siehe Vorbemerkungen;1;112,7;252,3;120,7;214;2239;12,7;2,4;8,7;16,3;34,8;25,1;8,6;10,6;32,9;30,1;0,8;0,1;34,6;0,3;89,6;1,5;550,6;481;9,4;11,2;14,9;36,8;33,2;11,1;11,6;373,3;0,6;24,4;25,5;49,5
Niedersachsen;42;Stadt Hannover II;Erläuterungen siehe Vorbemerkungen;1;91,3;263,5;126,1;223,5;2885;12,7;2,4;8,7;16,3;34,8;25,1;8,6;10,6;32,9;30,1;0,8;0,1;34,6;0,3;89,6;1,5;550,6;481;9,4;11,2;14,9;36,8;33,2;11,1;11,6;373,3;0,6;24,4;25,5;49,5
Niedersachsen;43;Hannover-Land I;Erläuterungen siehe Vorbemerkungen;8;1131,7;303,9;147,9;282;269;15,7;3,2;7,2;11,9;36,7;25,2;8,6;10,6;32,9;30,1;0,8;4,2;44,3;0,4;38,3;3,2;447,5;666,7;10,1;8,7;19;46,7;23;11,1;11,6;373,3;0,6;24,4;25,5;49,5
Niedersachsen;44;Celle - Uelzen;;54;2998,8;280;136,2;265,6;93;16,5;3,4;7,4;11,8;34,4;26,4;8,6;12,3;36;31,9;0,4;7,5;61,7;0,5;41,6;4,4;458,3;676,9;11,6;11;31,1;42,4;14;10,9;12,6;248,8;2,4;28,4;23,8;45,3
Niedersachsen;45;Gifhorn - Peine;;36;1824,1;284,6;140,9;267,3;156;17,9;3,6;7,3;12,1;36,2;22,9;9,1;9,8;38,7;33,6;4,4;6,5;52,9;0,4;46,4;4,5;429,8;692,4;11;9,4;23,8;50,6;14,9;9,6;11;193,9;1,2;34,9;23,3;40,6
Niedersachsen;46;Hameln-Pyrmont - Holzminden;;42;1621,9;258,7;124,7;239;159;15,3;3,2;7,1;11,3;34,3;28,8;8,2;13,1;33;33,2;-5,1;5,7;47,9;0,6;79,8;2,8;483,5;680,4;10;12,7;24,7;43,6;17,9;12,8;13,9;278,7;1,3;35,3;19,5;44
Niedersachsen;47;Hannover-Land II;Erläuterungen siehe Vorbemerkungen;12;954,7;308,6;150,4;289;323;15,8;3,2;7,1;11,5;36,7;25,6;8,6;10,6;32,9;30,1;0,8;3,2;58,6;0,4;38,3;3,5;461,5;666,7;10,1;8,7;19;46,7;23;11,1;11,6;373,3;0,6;24,4;25,5;49,5
Niedersachsen;48;Hildesheim;;40;1205,7;291,6;140,9;274,6;242;15,6;3,1;7,3;12,4;35,4;26,2;8,5;11,4;28,9;27,9;-1,9;4,3;53,5;0,6;75,5;3,5;465;637,5;11;8,7;20;42,5;26,1;9,4;10;279,8;0,8;38,1;21,4;39,6
Niedersachsen;49;Salzgitter - Wolfenbüttel;;44;1235,2;285;138,8;264,1;231;15,8;3,2;7;11,7;35,7;26,6;8;11,5;36,9;36,7;-3,4;3,6;75,2;0,4;117,1;3,1;472,8;639,3;9,9;8,7;25,2;47,4;16,6;11;12,3;285,4;1;48,8;16,6;33,6
Niedersachsen;50;Braunschweig;;1;192,1;245,9;120,3;221,3;1280;12,8;2,7;8,5;15,2;34,3;26,6;8,2;11,9;55,6;53,3;-1,3;0,6;45,9;0,5;85,9;2,7;544,7;600,7;11,5;8,7;18,6;31,7;37;12,1;13,1;427,3;0,3;27,2;21,9;50,5
Niedersachsen;51;Helmstedt - Wolfsburg;;40;1151,2;245,7;120,9;224,3;213;14,8;3,3;7,7;11,9;35,5;26,8;7,3;11,4;45,3;41,3;-0,1;3,7;69,9;0,3;251,6;2,1;473;756,8;11,7;8,3;18,3;46,1;24,3;9,3;11,7;520,6;0,6;61,6;13,5;24,3
Niedersachsen;52;Goslar - Northeim - Osterode;;32;2299,1;279,8;136,4;260,8;122;14,3;3,1;7,2;11,5;34,8;29,2;7,4;13,3;32,7;32,8;-6;5,5;45,8;0,8;80,3;2,4;505,6;692,9;10,6;10;22,6;45,8;19,9;12,3;12,8;281,4;1,8;38,4;21,8;38
Niedersachsen;53;Göttingen;;32;1264;298,5;145,1;278,7;236;14,4;3,1;9,5;14,4;35;23,6;8,4;10,1;321,1;321,9;-2,5;4,7;44,7;0,5;67,3;2,4;471;601;11;10;18,9;38,9;29;11,6;12,3;289;0,9;26,9;20,3;51,9
Niedersachsen;0;Land insgesamt;;1025;47618,2;8000,9;3919,4;7464,5;168;16,3;3,3;7,7;12,8;35,3;24,6;8,8;10,7;49,5;46;1,6;7,9;42;0,5;68;4,1;455,4;666,6;11,2;9,7;24,4;43,1;20,6;10,5;11,3;292,6;1,5;33,9;23,6;40,9
Bremen;54;Bremen I;Erläuterungen siehe Vorbemerkungen;1;153,9;341,1;163,6;296,1;2216;13,6;2,8;8;14,1;35,5;26,1;8,4;11,5;46,3;39,7;3,4;0,4;37;0,5;104,7;2,2;523,1;516;10,2;8,1;19,3;41,1;31,4;12,8;13,3;423,8;0,3;29,3;27,7;42,7
Bremen;55;Bremen II - Bremerhaven;Erläuterungen siehe Vorbemerkungen;2;249,2;322,1;157,6;280,4;1293;14,5;3,5;8,5;12,2;34,7;26,7;8,6;11,9;46,5;50,4;-7,1;0,2;13,5;0,7;59,5;3,5;556,3;494;12,8;10,2;25,3;37,5;26,9;19;19,5;358,6;0,4;23,4;30,8;45,3
Bremen;0;Land insgesamt;;2;403,1;663,2;321,2;576,6;1645;13,7;2,9;8,1;13,7;35,3;26,2;8,4;11,5;46,3;41,6;1,6;0,4;35,1;0,5;96,6;2,4;529,1;512,1;10,7;8,6;20,6;40,4;30,5;13,9;14,3;412,3;0,3;28,4;28,2;43,1
Brandenburg;56;Prignitz - Ostprignitz-Ruppin - Havelland I;;61;5114,8;211,2;104,6;207,7;41;12;4,8;9,2;10,5;37,8;25,7;6,6;11,6;24,5;31,4;-11,8;6,2;213,8;0,6;37,3;3,8;487,8;675,5;15,9;9,2;19,1;45,7;25,6;22,5;23,6;285,2;7,2;28,4;22,9;41,5
Brandenburg;57;Uckermark - Barnim I;;49;3851,9;211,7;104,9;206,7;55;12;4,7;9,2;10,7;38,6;24,9;6,7;10,6;35,3;33,8;-2,3;2,8;253,8;0,4;26,1;4,5;489;640,3;14,1;12;21,5;40,2;26,3;22,7;23,5;242,7;5,7;26,1;24,5;43,8
Brandenburg;58;Oberhavel - Havelland II;;26;2457,9;292,8;144,8;287,6;119;13,8;4,2;8,3;11,2;39,4;23,2;7,6;9,6;44,5;35,9;6,6;2,6;183;0,4;39,4;7,6;463,4;634;12,5;8,7;21,8;44,9;24,1;19,1;19,8;224,3;3,7;30,8;25,5;40,1
Brandenburg;59;Märkisch-Oderland - Barnim II;;56;2828,4;297,7;148,9;290,7;105;12,3;4,8;9,4;10,8;39,2;23,5;6,7;9,8;43,7;35,1;5,5;2,9;223,7;0,3;18,8;7,5;463,9;663,7;13,9;10;21,1;45,6;23,4;21,4;21,1;223,8;5,7;24;27;43,4
Brandenburg;60;Brandenburg an der Havel - Potsdam-Mittelmark I - Havelland III - Teltow-Fläming I;Erläuterungen siehe Vorbemerkungen;41;3383,3;242,6;120,1;237,2;72;11,8;4,5;9,2;10,9;38,2;25,4;6,8;10,2;42,7;38,1;1,3;2,7;152,7;0,5;30,6;6,5;493,9;665,5;13,5;9,2;16,8;44;29,8;16,3;16,7;275,3;3,9;25,7;26,1;44,2
Brandenburg;61;Potsdam - Potsdam-Mittelmark II - Teltow-Fläming II;Erläuterungen siehe Vorbemerkungen;12;809,9;312,1;152,7;300,2;385;12,8;3,9;9,4;13,1;37,8;23;9,6;8,4;62,6;51,7;12;2,7;152,7;0,2;11,2;7,8;504,5;463,7;13,8;6,3;15,9;34,7;43;12,8;13,3;456,4;0,4;9,5;17,2;72,9
Brandenburg;62;Dahme-Spreewald - Teltow-Fläming III - Oberspreewald-Lausitz I;Erläuterungen siehe Vorbemerkungen;48;3861,7;256,4;126,9;250,7;66;12,3;4,3;8,8;10,9;37,9;25,8;7,1;10,4;42;36,5;2,1;2,4;211,4;0,6;45,7;5,1;462,2;678,2;13,7;8,7;21,3;41,8;28;15,9;16,4;280,6;3,9;28,6;31,4;36,1
Brandenburg;63;Frankfurt (Oder) - Oder-Spree;;39;2390,1;257,2;127,1;247,6;108;11,5;4,5;10;11,3;38;24,6;6,8;10,2;43;49;-9,4;1,9;174,9;0,4;32,4;5,3;498,9;629,7;15,2;8,9;17,7;41,3;31,9;19,8;20,4;303,1;2,3;24,7;23,4;49,6
Brandenburg;64;Cottbus - Spree-Neiße;;32;1812,1;245,9;121,7;237,5;136;11,2;4,4;10,1;11,6;37,8;24,8;6,3;11,1;43,3;54,6;-16;1,8;124,3;0,4;43,2;3,2;527,7;637,2;15,7;7;16,2;42,2;34,5;21,1;21,8;337,1;2,1;27,1;20,5;50,2
Brandenburg;65;Elbe-Elster - Oberspreewald-Lausitz II;;57;2967,2;240,1;118,6;234,6;81;11,3;4,5;9,3;11,1;36,8;27;6,4;11,9;18,7;30,3;-17;3;162,5;0,6;46,5;2,2;492,5;662,4;15,6;7,6;17,6;47;27,3;25,3;25,1;253,4;4,3;35,8;22,6;37,2
Brandenburg;0;Land insgesamt;;421;29477,2;2567,7;1270,3;2500,5;87;12,1;4,4;9,3;11,2;38,2;24,8;7;10,4;39,4;39;-3,1;2,7;194,2;0,5;34,7;5,4;488,2;642,3;14,3;8,9;19,1;43;28,8;19,8;20,3;278,7;3,8;26,3;24,2;45,7
Sachsen-Anhalt;66;Altmark;;250;4715,2;230,4;114,1;227;49;13,1;4,8;9,4;11,1;37,1;24,6;7;11,3;25,2;31;-10;5,6;208,6;0,4;30,8;2,9;488,4;649,6;15,1;15,6;4,8;54,4;24,2;22,2;23,6;272,1;5,9;29,5;20,5;44
Sachsen-Anhalt;67;Elbe-Havel-Gebiet;;196;4021,2;284,1;140,4;280,2;71;12,2;4,5;9,1;11,3;38;24,8;6,6;11,4;28,8;33,7;-9,7;3,4;212,8;0,7;54,2;3,9;478;678,3;13,1;15,4;3,6;58,1;22,6;16,9;17,7;274,7;4,8;37,1;23,4;34,6
Sachsen-Anhalt;68;Harz;;76;2001;243,7;118,5;240,7;122;11,7;4,2;8,8;10,9;37;27,5;6,7;12,2;24,2;29,3;-10,6;1,6;235,7;0,6;45,3;2,6;496,8;602;13,3;14;4,2;56,7;24,5;19,7;20,9;284,1;3,5;29,5;23,1;43,9
Sachsen-Anhalt;69;Magdeburg;;1;200,9;226,7;109,1;218,6;1128;10,7;3,6;9,3;12,3;36,1;27,9;7;11,2;38,4;37;-2,8;0,1;199,3;0,3;26,4;2,6;636,9;510,6;13,4;13,7;4,1;46,7;34,3;19,8;21,9;440,6;0,3;17,2;20;62,5
Sachsen-Anhalt;70;Börde;;93;1987,6;246,6;121,1;243;124;11,9;4,2;8,7;11,1;37,3;26,8;6,5;12,2;22,4;31,4;-14,8;2,1;289,8;0,7;47,3;2,6;509,1;613,3;13;16,5;3,4;59,2;20,1;23,4;24;253,5;4,3;33,6;20,9;41,3
Sachsen-Anhalt;71;Anhalt;;101;2166;270,3;131,5;265,4;125;11,1;4,1;9;11,1;37;27,7;6,2;11,5;26,2;35,7;-14,8;1,6;261,7;0,6;51;2,6;522;602,3;13,8;11,7;4,4;56;27,1;21,3;22,3;295,8;3,3;28,8;21,3;46,5
Sachsen-Anhalt;72;Bernburg - Bitterfeld - Saalkreis;;112;1529,3;244,8;119,9;241,4;160;11,4;4,3;9,1;11,1;38;26,2;6,2;11,5;27,5;36,4;-14,2;1,4;275,4;0,6;51,2;3,3;482,8;656,5;12,8;14,2;3,5;61,5;20,3;20,1;20,5;267,7;2,2;33,9;30;33,9
Sachsen-Anhalt;73;Halle;;1;135;238,5;113;229;1767;11,3;3,6;9,7;13,1;35,6;26,6;8,1;11,3;51,8;45,3;3,2;0,1;158,6;0,3;26,2;2,2;636,1;443,1;13,6;13,7;6,7;45,6;32,9;20,1;21;389,2;0,4;14,2;20,3;65,1
Sachsen-Anhalt;74;Burgenland;;140;1700,1;262,6;128,2;258,5;154;11,2;4,1;8,7;10,9;36,3;28,8;6,5;12,3;24,5;31,6;-12,9;2;205,9;0,5;48,8;2,2;524,7;627,6;13;14,1;3,6;56;25,7;23,9;24,6;274,3;4,4;33,8;22,7;39
Sachsen-Anhalt;75;Mansfelder Land;;148;1989;246,9;121;243,5;124;11,2;4,2;8,9;11;37;27,6;6,3;12,7;21,1;30,2;-15,5;2,1;212,4;0,5;36,2;2,2;477,6;634,5;13,5;14,2;2,8;59,9;22,6;26;26,8;244,6;6,3;28;24,6;41,1
Sachsen-Anhalt;0;Land insgesamt;;1118;20445,3;2494,4;1216,9;2447,3;122;11,6;4,2;9,1;11,4;37;26,8;6,7;11,7;28,9;34,2;-10,3;2;228,6;0,5;42,8;2,7;523,7;604;13,4;14,3;4,1;55,4;25,4;21,2;22,2;298,8;3,2;27,9;22,4;46,5
Berlin;76;Berlin-Mitte;Erläuterungen siehe Vorbemerkungen;1;39,5;320,8;163;231,9;8131;13,4;2,8;9,8;18,9;36,3;18,7;8,5;9,8;34,3;34,1;-1,2;0;20,9;0,3;32,1;2,8;588,2;424,5;11,2;14,1;22,8;33,8;29,3;19,5;19,2;307,6;0,5;17,9;23;58,6
Berlin;77;Berlin-Pankow;Erläuterungen siehe Vorbemerkungen;1;96,6;287,1;142,1;269,9;2970;11,5;3;9,4;21,1;34,9;20,1;8,5;9,8;34,3;34,1;-1,2;0;20,9;0,3;32,1;2,6;577,9;424,5;11,2;10,8;16,8;38,9;33,5;19,5;19,2;307,6;0,5;17,9;23;58,6
Berlin;78;Berlin-Reinickendorf;Erläuterungen siehe Vorbemerkungen;1;89,3;245,5;117,4;223,5;2749;13,9;3,1;7,2;11,3;37,5;27;8,5;9,8;34,3;34,1;-1,2;0;20,9;0,3;32,1;0,6;534,9;424,5;11,2;9,2;21,2;34,2;35,4;19,5;19,2;307,6;0,5;17,9;23;58,6
Berlin;79;Berlin-Spandau - Charlottenburg Nord;Erläuterungen siehe Vorbemerkungen;1;99,5;256,7;123,5;223,3;2580;13,9;3,2;7,8;12,1;37,2;25,9;8,5;9,8;34,3;34,1;-1,2;0;20,9;0,3;32,1;1;516,3;424,5;11,2;9,8;24,6;39,6;26;19,5;19,2;307,6;0,5;17,9;23;58,6
Berlin;80;Berlin-Steglitz - Zehlendorf;Erläuterungen siehe Vorbemerkungen;1;102,5;288,5;133;261,4;2814;13;2,7;6,8;11,8;38,1;27,7;8,5;9,8;34,3;34,1;-1,2;0;20,9;0,3;32,1;1,5;537,4;424,5;11,2;10,4;13,1;31,2;45,2;19,5;19,2;307,6;0,5;17,9;23;58,6
Berlin;81;Berlin-Charlottenburg - Wilmersdorf;Erläuterungen siehe Vorbemerkungen;1;57,1;283,7;133,3;236,1;4972;10,7;2,1;6,8;14,1;40,9;25,4;8,5;9,8;34,3;34,1;-1,2;0;20,9;0,3;32,1;1;601,4;424,5;11,2;9,7;18,2;33,1;38,9;19,5;19,2;307,6;0,5;17,9;23;58,6
Berlin;82;Berlin-Tempelhof - Schöneberg;Erläuterungen siehe Vorbemerkungen;1;53,1;334,4;160,1;284;6298;12,7;2,6;7,4;14;39,7;23,5;8,5;9,8;34,3;34,1;-1,2;0;20,9;0,3;32,1;0,7;548,6;424,5;11,2;8,9;22,8;36;32,2;19,5;19,2;307,6;0,5;17,9;23;58,6
Berlin;83;Berlin-Neukölln;Erläuterungen siehe Vorbemerkungen;1;44,9;305,7;150,9;239,2;6803;15,1;3;8,6;14,6;36,8;21,9;8,5;9,8;34,3;34,1;-1,2;0;20,9;0,3;32,1;0,5;535,3;424,5;11,2;14,1;29;36;20,9;19,5;19,2;307,6;0,5;17,9;23;58,6
Berlin;84;Berlin-Friedrichshain - Kreuzberg - Prenzlauer Berg Ost;Erläuterungen siehe Vorbemerkungen;1;26,6;321,9;163,3;258,3;12109;13,6;2,8;10,7;22,7;35,8;14,4;8,5;9,8;34,3;34,1;-1,2;0;20,9;0,3;32,1;0,8;571;424,5;11,2;15,4;28,4;31,9;24,3;19,5;19,2;307,6;0,5;17,9;23;58,6
Berlin;85;Berlin-Treptow - Köpenick;Erläuterungen siehe Vorbemerkungen;1;167,7;234,7;114,3;226,8;1399;11,6;3,5;8,3;12,7;35,1;28,9;8,5;9,8;34,3;34,1;-1,2;0;20,9;0,3;32,1;2,8;538,1;424,5;11,2;9,5;15,1;46,6;28,8;19,5;19,2;307,6;0,5;17,9;23;58,6
Berlin;86;Berlin-Marzahn - Hellersdorf;Erläuterungen siehe Vorbemerkungen;1;61,8;251,4;124,5;242,4;4066;13,3;5,6;12;10,7;41,5;16,9;8,5;9,8;34,3;34,1;-1,2;0;20,9;0,3;32,1;3,1;512,3;424,5;11,2;11,5;19,2;42,2;27,1;19,5;19,2;307,6;0,5;17,9;23;58,6
Berlin;87;Berlin-Lichtenberg;Erläuterungen siehe Vorbemerkungen;1;52,3;257,5;127,7;236,6;4921;11,1;4,2;11,2;13,6;37,7;22,3;8,5;9,8;34,3;34,1;-1,2;0;20,9;0,3;32,1;0,8;539,7;424,5;11,2;9,7;18,5;40,5;31,3;19,5;19,2;307,6;0,5;17,9;23;58,6
Berlin;0;Land insgesamt;;1;891;3387,8;1653,1;2933,3;3802;12,8;3,2;8,8;15;37,7;22,6;8,5;9,8;34,3;34,1;-1,2;0;20,9;0,3;32,1;1,5;552,5;424,5;11,2;11,1;20,5;37,3;31,2;19,5;19,2;307,6;0,5;17,9;23;58,6
Nordrhein-Westfalen;88;Aachen;Erläuterungen siehe Vorbemerkungen;1;160,8;257,8;131,3;213,2;1603;13,4;2,7;9;15,3;36,9;22,6;9;9,3;87,2;52,3;34,5;0,8;30,2;0,5;85,1;2,1;510,8;570,6;10;5;22,5;33,3;35,6;12,1;12,7;418,1;0,3;21;20,6;58,1
Nordrhein-Westfalen;89;Kreis Aachen;;9;547;310,2;151,8;278,2;567;16,7;3,4;7,4;12,3;35,8;24,3;9,1;10,3;34;31,5;1,3;1,8;31,3;0,5;69,7;2,7;434,2;570,6;10;7,1;22,1;42,3;24,5;11,1;11,4;225,2;0,6;39;23,5;36,8
Nordrhein-Westfalen;90;Heinsberg;;10;628;257;126,5;232;409;17,7;3,8;7,9;12;36,1;22,5;8,8;9,6;33,6;28,1;4,7;4,2;36,4;0,5;41,7;6,3;407;647,7;12,6;6,1;21,5;42,8;25,3;10,9;10,8;197,4;1,3;35;25,8;37,8
Nordrhein-Westfalen;91;Düren;;15;940,6;272,9;135,9;245,4;290;17;3,5;7,7;12,8;36,2;22,8;8,6;9,6;36,8;34,1;1,7;3,8;48,9;0,5;68,6;3,7;412,5;859,4;10,6;6,1;24,7;41,4;24,9;10,3;10,8;256,2;1;37;18,3;43,6
Nordrhein-Westfalen;92;Erftkreis I;;7;525,1;331,8;163,2;295,8;632;15,6;3,3;7,7;13;38;22,4;8,4;9,3;44,1;41,2;2;1,3;58,7;0,3;49,5;3,9;415,2;640;9,8;5,9;20,3;43,3;27,8;9,4;9,7;244,4;1,1;32,9;29,9;36
Nordrhein-Westfalen;93;Euskirchen - Erftkreis II;;14;1428,4;324,3;159,1;299,8;227;16,5;3,4;7,4;12;36,7;24;8,7;10,7;37,7;30,9;4,9;4,8;36,8;0,5;50,7;3,6;409,1;705,3;11,5;4,4;27;39,9;25,4;9;9,2;229,6;1,1;35,6;23,9;39,4
Nordrhein-Westfalen;94;Köln I;Erläuterungen siehe Vorbemerkungen;1;128,3;265,8;130,2;214,6;2072;14,1;2,7;7,6;16,2;36,2;23,3;9,8;10,2;48;50,4;-2,8;0,1;52,9;0,3;65;2,6;523,7;572,8;9,2;8,2;20,7;35,2;30,6;13,1;12,9;453,6;0,3;19,6;27,7;52,5
Nordrhein-Westfalen;95;Köln II;Erläuterungen siehe Vorbemerkungen;1;101,7;279,1;132,8;242,3;2746;14,1;2,7;7,6;16,2;36,2;23,3;9,8;10,2;48;50,4;-2,8;0,1;52,9;0,3;65;2,6;523,7;572,8;9,2;8,2;20,7;35,2;30,6;13,1;12,9;453,6;0,3;19,6;27,7;52,5
Nordrhein-Westfalen;96;Köln III;Erläuterungen siehe Vorbemerkungen;1;122,9;284,1;137,4;229,4;2311;14,1;2,7;7,6;16,2;36,2;23,3;9,8;10,2;48;50,4;-2,8;0,1;52,9;0,3;65;2,6;523,7;572,8;9,2;8,2;20,7;35,2;30,6;13,1;12,9;453,6;0,3;19,6;27,7;52,5
Nordrhein-Westfalen;97;Bonn;;1;141,2;311,9;149,1;259,5;2209;14,6;2,8;8,1;15,2;36,4;22,9;10,1;9,5;71,9;65,7;6,9;0,2;21,3;0,3;34,1;3,1;503,1;587,1;11,6;5,8;14,2;30;45,2;8,6;8,3;458,8;0,2;13,9;18;67,9
Nordrhein-Westfalen;98;Rhein-Sieg-Kreis I;Erläuterungen siehe Vorbemerkungen;10;660,7;314;154,7;283;475;17,4;3,5;7,8;12,7;36,8;21,8;8,8;8,8;42,8;35,2;7,6;2,7;26,9;0,4;44,3;4,1;408,9;640,4;10;5,8;24,2;37,2;29,1;7,7;7,2;208,1;1,6;31,9;24,6;41,9
Nordrhein-Westfalen;99;Rhein-Sieg-Kreis II;Erläuterungen siehe Vorbemerkungen;9;492,8;282,5;138,1;261,3;573;16,7;3,4;7,8;11,6;37;23,4;8,8;8,8;42,8;35,2;7,6;2,6;28,1;0,4;44,3;3,2;416,8;640,4;10;5,8;24,2;37,2;29,1;7,7;7,2;208,1;1,6;31,9;24,6;41,9
Nordrhein-Westfalen;100;Oberbergischer Kreis;;13;918,5;290,6;141,8;266,9;316;17,7;3,8;8,2;12,3;34,4;23,6;9,3;10,5;27,7;25,7;0,9;4,1;25,4;0,9;108,1;3,9;405,1;683,8;12,2;6,7;24,9;42,6;21,6;9,7;10;291,8;0,7;47,5;17,4;34,5
Nordrhein-Westfalen;101;Rheinisch-Bergischer Kreis;;8;437,6;279,4;135,7;259,5;638;16,4;3,3;6,8;11,3;36,8;25,4;8,7;9,3;43,4;40,3;2,5;1,9;23,4;0,5;53,5;3,5;450;694,5;9,9;4;16,1;46;30,4;8,9;9,5;228,8;1,1;31,8;24,6;42,5
Nordrhein-Westfalen;102;Leverkusen - Köln IV;Erläuterungen siehe Vorbemerkungen;2;131,1;302,3;147,1;258,7;2305;14,9;3,1;7,3;12,4;35,4;27;9;10,5;49,7;40,3;7,9;0,4;24,1;0,3;189,9;1,4;470,6;600,5;11,9;5,8;22,2;33;34,1;10,6;11,3;376,4;0,3;37,2;19,4;43
Nordrhein-Westfalen;103;Wuppertal I;Erläuterungen siehe Vorbemerkungen;1;130,8;316,7;152,2;263,8;2420;14,7;3,2;7,6;12,8;35,6;26,1;8,4;11,7;33,3;33,9;-3,8;0,4;19,7;0,7;88,3;1,7;522,6;560,1;10,6;9,4;25,6;35,4;25,3;12,4;12,8;319,8;0,5;36,2;21,5;41,8
Nordrhein-Westfalen;104;Solingen - Remscheid - Wuppertal II;Erläuterungen siehe Vorbemerkungen;3;201,6;325,4;157,1;282,3;1614;15,8;3,3;7,4;12,1;35,3;26;8,5;11,8;31,8;31,5;-2,9;0,5;20,8;1,1;110,7;2,3;485,5;617,4;10,7;6,1;26,8;39,1;24,8;10,3;10,7;318,3;0,5;47,8;18,5;33,1
Nordrhein-Westfalen;105;Mettmann I;Erläuterungen siehe Vorbemerkungen;6;183,8;276;133,8;245,6;1502;15,1;3,3;7,1;12;37,1;25,4;8,2;10,4;34;34,8;-3;0,6;34,3;0,8;86,1;2,5;461,6;647,4;10,2;6,8;20,4;43,2;26,2;8,1;8,2;324,1;0,7;36,6;31,5;31,2
Nordrhein-Westfalen;106;Mettmann II;Erläuterungen siehe Vorbemerkungen;4;223,3;230,1;111;204,1;1030;15,1;3,1;7;12;36,4;26,4;8,2;10,4;34;34,8;-3;1,1;30,9;0,8;86,1;2,7;474,6;647,4;10,2;6,8;20,4;43,2;26,2;8,1;8,2;324,1;0,7;36,6;31,5;31,2
Nordrhein-Westfalen;107;Düsseldorf I;Erläuterungen siehe Vorbemerkungen;1;129,6;298,1;140,8;245,5;2300;12,8;2,4;6,8;15,7;36,6;25,6;9,1;11,8;54,5;50,7;1,1;0,3;23,5;0,4;72,9;2,1;559,3;600;8,8;9,1;18,8;36,3;30,9;11;11;582,5;0,2;19,1;26,9;53,7
Nordrhein-Westfalen;108;Düsseldorf II;Erläuterungen siehe Vorbemerkungen;1;87,4;274,6;131;225;3142;12,8;2,4;6,8;15,7;36,6;25,6;9,1;11,8;54,5;50,7;1,1;0,3;23,5;0,4;72,9;2,1;559,3;600;8,8;9,1;18,8;36,3;30,9;11;11;582,5;0,2;19,1;26,9;53,7
Nordrhein-Westfalen;109;Neuss I;;4;347,6;292,8;143,4;258,5;842;16;3,3;7,6;12,7;36,6;23,7;8,8;9,2;34,7;34,8;-0,4;1,3;44,7;0,4;70,6;3,3;447,9;666,1;10,1;6,8;19,3;39,5;30,1;8,5;9,7;270,7;1,1;32,7;30,9;35,4
Nordrhein-Westfalen;110;Mönchengladbach;;1;170,4;262;126,4;233,9;1537;15,7;3,3;7,7;12,7;35,8;24,8;8,7;11,6;34,6;34,5;-2,7;0,8;30,8;0,5;67,4;1,8;473,8;597,1;11,3;7,9;28,9;33,8;25,1;12,8;15,2;309,1;0,6;31,6;26,3;41,5
Nordrhein-Westfalen;111;Krefeld I - Neuss II;Erläuterungen siehe Vorbemerkungen;5;302,6;277,7;134,5;248,7;918;15,7;3,2;6,5;11,3;38,4;24,9;8,3;11;37,5;37,4;-2,6;2,3;33,2;0,5;113,9;4,8;454,3;562,5;10,8;9,6;22,4;36,4;27,2;12,8;13,1;352,2;0,6;35,2;23,4;40,8
Nordrhein-Westfalen;112;Viersen;;9;563,2;304,3;148,4;282,1;540;17;3,5;7;11,7;37,1;23,7;8,2;10;34,9;33,2;-0,1;3,3;28,3;0,6;63,2;3,4;434,1;673,7;10,3;7,7;20,9;40,2;26,6;9,1;9;262,9;1,7;37,2;26;35
Nordrhein-Westfalen;113;Kleve;;16;1232,1;306,9;151,6;282,3;249;17,5;3,7;7,6;12,2;36,3;22,8;8,7;10,4;35;28,7;4,7;8,1;29,8;0,5;42,4;5,6;402,5;653,7;11,2;5,5;27,1;45,9;19,1;8,5;9,2;242,7;4,7;32,2;24,9;38,1
Nordrhein-Westfalen;114;Wesel I;Erläuterungen siehe Vorbemerkungen;10;883,6;269,9;131,6;252,6;305;16,8;3,6;7,4;11,7;36,8;23,7;8;10,4;31,1;29,6;-0,9;5,8;29,1;0,4;60,5;3,7;398,2;653;11,1;5,9;23,9;45,2;22,1;9,6;9,6;237,2;1,4;36,5;24,5;37,6
Nordrhein-Westfalen;115;Krefeld II - Wesel II;Erläuterungen siehe Vorbemerkungen;3;175,2;250,9;121;223;1432;14,9;3,3;7,2;12,2;36,9;25,6;8;10,4;31,1;29,6;-0,9;0,7;32,3;0,4;60,5;2,6;479;653;11,1;5,9;23,9;45,2;22,1;9,6;9,6;237,2;1,4;36,5;24,5;37,6
Nordrhein-Westfalen;116;Duisburg I;Erläuterungen siehe Vorbemerkungen;1;123,4;260,6;126,8;222,3;2111;15,2;3,1;7,5;12,9;34,8;26,5;8,6;12,2;31,5;32,2;-4,3;0,2;39,1;0,3;77,6;1,7;504;540,7;9,9;10,7;25,1;38,6;21,1;14,7;15,7;305,9;0,4;33,9;25,4;40,3
Nordrhein-Westfalen;117;Duisburg II;Erläuterungen siehe Vorbemerkungen;1;109,4;243,8;119,3;199,1;2229;15,2;3,1;7,5;12,9;34,8;26,5;8,6;12,2;31,5;32,2;-4,3;0,2;39,1;0,3;77,6;1,7;504;540,7;9,9;10,7;25,1;38,6;21,1;14,7;15,7;305,9;0,4;33,9;25,4;40,3
Nordrhein-Westfalen;118;Oberhausen - Wesel III;;2;124,7;289,8;140,8;255,3;2324;15,2;3,3;7,4;12,4;36,6;25,1;7,7;12,4;33,5;32,9;-4,1;0,3;21,3;0,3;38,6;1,6;464,2;569,4;10,1;10,5;24,8;39,7;22,2;13;13,7;263;0,5;25,5;24,7;49,4
Nordrhein-Westfalen;119;Mülheim - Essen I;Erläuterungen siehe Vorbemerkungen;2;115,9;257,2;123,1;233,4;2220;13,8;2,8;6,5;11,4;36,4;29,1;7,6;12,9;34,1;37,1;-8,4;0,4;22,3;0,4;59;1,7;522,9;629;8,8;4,4;18,9;38,2;35,3;9,9;10,4;308,7;0,6;32,8;28,2;38,3
Nordrhein-Westfalen;120;Essen II;Erläuterungen siehe Vorbemerkungen;1;67,7;246,4;120;208,6;3640;13,8;2,9;7,2;12,6;35,7;27,9;8,1;13;42,8;31,1;6,8;0,2;27,8;0,4;40,7;1,4;537,3;565,9;9,9;7,6;17,8;38,2;31,6;12,6;13,7;351,1;0,6;22,7;23,3;53,4
Nordrhein-Westfalen;121;Essen III;Erläuterungen siehe Vorbemerkungen;1;118,1;254,8;119,8;230,9;2158;13,8;2,9;7,2;12,6;35,7;27,9;8,1;13;42,8;31,1;6,8;0,2;27,8;0,4;40,7;1,4;537,3;565,9;9,9;7,6;17,8;38,2;31,6;12,6;13,7;351,1;0,6;22,7;23,3;53,4
Nordrhein-Westfalen;122;Recklinghausen I;Erläuterungen siehe Vorbemerkungen;3;165,1;230,7;111,8;208,8;1398;15,1;3,3;7,5;12,3;36,3;25,6;8,1;11,3;25,7;26,9;-4,4;1;25,3;0,4;51,9;1,7;464,3;597,4;10,9;7,6;20,3;43,1;25,6;12,6;13,7;211,3;1,1;30,2;23,2;45,5
Nordrhein-Westfalen;123;Recklinghausen II;Erläuterungen siehe Vorbemerkungen;5;388,2;261,4;127,2;237,6;673;15,7;3,4;7,4;12,2;36;25,2;8,1;11,3;25,7;26,9;-4,4;1,8;25,6;0,4;51,9;2,9;446,1;597,4;10,9;7,6;20,3;43,1;25,6;12,6;13,7;211,3;1,1;30,2;23,2;45,5
Nordrhein-Westfalen;124;Gelsenkirchen;;1;104,9;270,1;130,4;233,8;2576;15,3;3,2;7,6;12,8;34,7;26,3;8,5;13,3;30,4;34,7;-9,1;0,2;15;0,4;49,9;1;512,1;518,2;10,3;8,9;26,9;37,8;21,9;18,2;19,9;267,5;0,5;32,6;21,3;45,5
Nordrhein-Westfalen;125;Steinfurt I - Borken I;Erläuterungen siehe Vorbemerkungen;12;976,5;272,1;135,7;252,4;279;19;4;8,6;13,4;33,9;21,1;9,6;8,9;27,2;23,7;4,2;9,4;24;0,7;79,8;5,9;380,9;651,5;13;5,9;21,2;44,7;24,5;8;8,1;265,7;1,3;39,6;26,3;32,8
Nordrhein-Westfalen;126;Bottrop - Recklinghausen III;;3;307,7;277,1;134,3;252,2;901;16;3,5;7,7;12,2;36,2;24,4;8,1;11,7;33,7;33,8;-3,6;1,5;27,3;0,4;79,8;2,5;448,8;626,9;9,6;8,2;22,6;38,4;25,6;13,4;14,6;245,2;1,3;39,5;22,6;36,6
Nordrhein-Westfalen;127;Borken II;;12;994,9;260,5;129,9;245,4;262;19,3;4;8,3;13,1;34,5;20,8;10;8,7;30,8;27,2;4,9;10,5;23;0,8;93,5;5,8;371,8;633,8;12,9;6,5;23,8;48,4;19,5;8,4;8,5;295,1;1,7;45,1;23,1;30,1
Nordrhein-Westfalen;128;Coesfeld - Steinfurt II;;14;1258,9;246,6;120,9;236,4;196;19,2;3,9;8;12,4;35,8;20,7;9,1;8,7;35,8;30,1;6,1;12;27,7;0,5;48,5;4,6;359,1;660,3;12,5;4,3;19,9;48;25,4;7,8;7,9;226,8;2,4;34,1;23,9;39,5
Nordrhein-Westfalen;129;Steinfurt III;Erläuterungen siehe Vorbemerkungen;14;1091;252,3;124,3;238,9;231;18,6;3,9;7,9;12,6;34,9;22,1;9,6;8,9;27,2;23,7;4,2;9,6;25,9;0,7;79,8;4,4;382;651,5;13;5,9;21,2;44,7;24,5;8;8,1;265,7;1,3;39,6;26,3;32,8
Nordrhein-Westfalen;130;Münster;;1;302,9;270;126,4;249,6;892;14,1;2,7;9,5;17;34,7;21,9;9,7;8,6;56,5;55,2;2,4;2;26,2;0,3;39,2;2,7;503,7;593,1;10,7;6;15,1;35,9;39,2;9;9,3;470,6;1;17,3;20,4;61,3
Nordrhein-Westfalen;131;Warendorf;;13;1317,3;283,6;139,4;262,3;215;18,1;3,8;8,2;12,8;34,6;22,4;9,7;9;27,2;27;0,9;10,7;29,5;0,7;97,7;4;399,1;654,3;11,5;6,7;26,3;44,2;20,7;8,7;9,1;271;1,9;45,7;20,6;31,9
Nordrhein-Westfalen;132;Gütersloh;;11;864,5;314,9;155,5;286,7;364;18,3;3,6;8;13,3;34,7;22,1;10,1;8,4;32,5;31,8;2,4;8,3;19,9;0,9;141,1;5,2;412,6;690,2;11,4;4,8;27,1;46,3;19,7;9,6;9,8;366,6;1;49,2;21,3;28,4
Nordrhein-Westfalen;133;Bielefeld;;2;293,1;339,6;161,9;297,8;1158;15,3;3;8,4;14,1;33,4;25,7;9,6;10,6;51,9;39,7;11,1;1,2;23,8;0,7;90,2;1,1;464,6;569,8;10,9;5,3;23,7;37,9;29;14;16,5;380,8;0,4;30,5;24,6;44,5
Nordrhein-Westfalen;134;Herford - Minden-Lübbecke II;;10;514,8;304,4;146,4;284,9;591;16,5;3,5;7,4;12,2;34,2;26,2;8,9;11,2;30,8;30,6;-2,1;3,9;20,5;1,1;125,4;3,7;440,1;697,6;12;5,6;22,4;44,5;24,7;9,7;10;327,4;0,7;47,1;21,7;30,3
Nordrhein-Westfalen;135;Minden-Lübbecke I;;10;1087,2;273,2;133,7;259,4;251;17,4;3,7;7,9;12,3;33,9;24,9;9,4;10,7;30,1;30;-1,1;10,3;23,2;0,8;97,2;4,4;391,3;707,8;11,9;7,3;24,9;40,9;23,5;10,4;10,6;328,8;0,7;39;21,8;38,5
Nordrhein-Westfalen;136;Lippe I;;10;759,9;230,6;111,7;217,1;303;17;3,6;7,7;11,8;33,7;26,1;9,5;11,1;28,7;30,7;-3,7;4,1;42,4;0,8;85,5;3,2;433;665,2;11,5;8,2;27;41,6;21,6;10,7;11,7;272,1;1,1;41,3;19,8;37,7
Nordrhein-Westfalen;137;Höxter - Lippe II;;16;1686,4;286,2;139,7;269,2;170;17,7;3,8;8,1;12,2;33,7;24,4;8,8;10,7;28,9;30,4;-3,4;8,7;32,5;0,6;65,4;2,8;414,6;675,7;14,5;5,2;25,8;43,7;23,6;9,4;9,8;244,9;1,4;37,9;23,5;37,2
Nordrhein-Westfalen;138;Paderborn;;11;1312,8;323,6;159,9;301,2;247;18,3;3,9;9;14,1;34,5;20,2;10,4;8,3;28,4;27,9;2,7;8;24,9;0,6;83,5;4,8;411,2;639,1;12,9;5,7;27,8;43,9;20,4;9,4;10,6;316,4;0,9;37,4;21,6;40,1
Nordrhein-Westfalen;139;Hagen - Ennepe-Ruhr-Kreis I;;5;323,3;303,8;145,9;266,7;940;15,4;3,2;7,3;12;34,9;27,1;9,1;11,9;29,9;32,5;-5,3;1,1;21,3;0,7;81;2,1;498;578,9;12,6;6,3;23,1;37,4;27,1;12,8;12,9;325;0,4;32;26,3;41,2
Nordrhein-Westfalen;140;Ennepe-Ruhr-Kreis II;;5;245,4;239,8;115,1;221,3;977;14,6;3,1;7,1;12;36,7;26,5;7,8;12,3;31,2;33,3;-6,6;1,5;18,1;0,9;100,2;2,4;480,7;650,3;9,9;6,2;22,2;43,2;24,8;10;9,9;274,2;0,7;43,6;20,2;35,5
Nordrhein-Westfalen;141;Bochum I;Erläuterungen siehe Vorbemerkungen;1;103,1;293,1;142,5;258,3;2842;13,1;2,8;7,6;13,8;36,6;26;7,7;11,8;37,1;37;-4,1;0,2;27;0,4;78,6;1,3;489,9;568,4;9,5;6,9;20,1;39,8;30,1;13,1;12,8;321,8;0,3;31,7;20,9;47
Nordrhein-Westfalen;142;Herne - Bochum II;Erläuterungen siehe Vorbemerkungen;2;93,8;266,9;130,3;231,4;2847;14,5;3,1;7,4;13,2;35,7;26,2;7,9;12,5;30,8;30,7;-4,5;0,2;16,4;0,3;74,4;1,8;485,2;517,4;9,8;8,8;22;39,3;25,3;15,9;16,4;271,4;0,2;33,9;22,6;43,3
Nordrhein-Westfalen;143;Dortmund I;Erläuterungen siehe Vorbemerkungen;1;126,1;286,2;138,9;246,1;2269;14,4;3;7,9;13,4;35,4;25,8;8,5;11,8;37,1;35,8;-2;0,3;31,8;0,3;37,3;3;513,1;547,2;9,7;8,6;22,4;38,4;26,3;16,1;17,2;325,8;0,5;21;24;54,5
Nordrhein-Westfalen;144;Dortmund II;Erläuterungen siehe Vorbemerkungen;1;154,2;302,5;148,5;248,8;1961;14,4;3;7,9;13,4;35,4;25,8;8,5;11,8;37,1;35,8;-2;0,3;31,8;0,3;37,3;3;513,1;547,2;9,7;8,6;22,4;38,4;26,3;16,1;17,2;325,8;0,5;21;24;54,5
Nordrhein-Westfalen;145;Unna I;;7;347,1;277,3;136,6;253,8;799;16;3,5;7,7;12,3;36,5;24;8,3;9,9;70,8;75,3;-6,1;1,5;39,3;0,5;57,4;2,6;423,6;606,9;10,9;6,5;24,7;38,2;27,9;12,7;13,5;231,7;0,9;32,7;30,8;35,6
Nordrhein-Westfalen;146;Hamm - Unna II;;4;421,8;334;164,2;295,1;792;16,7;3,4;8;13;35;23,9;9,2;9,8;40,8;38,1;2,1;2,2;29;0,4;64,2;3,6;441,2;563,4;11,2;6,5;25,1;43,7;21;14;14,9;278,5;1;33,2;22,8;43
Nordrhein-Westfalen;147;Soest;;14;1327,4;309;151,6;286,6;233;17,1;3,7;8;12,7;35;23,5;9,1;10,8;27,9;26,6;-0,4;6,9;36,1;0,7;100,9;4,8;418;657,6;11,9;6,1;23,9;42;25,2;10;10,7;295,7;1,3;42,7;21,6;34,4
Nordrhein-Westfalen;148;Hochsauerlandkreis;;12;1958,8;277,7;136,9;258,8;142;17,4;3,7;7,9;12,5;33,8;24,8;9,2;10,6;25,7;29,7;-5,4;7,7;24,3;1,1;110;3,8;433,4;672,6;12,5;8,5;23,4;45,7;20,2;8,8;9,1;305,6;1;47,8;18,9;32,3
Nordrhein-Westfalen;149;Siegen-Wittgenstein;;11;1131,6;292,9;144,4;267,3;259;16,1;3,6;8,3;12,6;35;24,5;8,7;10,5;25,1;26,7;-3,3;4;13,6;1,1;123,2;3,1;429,9;680,5;13,2;5,7;20,4;41,8;27;8,6;9,5;333,2;0,4;44,4;21,3;33,9
Nordrhein-Westfalen;150;Olpe - Märkischer Kreis I;;13;1158,8;298,8;147,9;266,3;258;17,4;3,8;8,1;12,9;34,8;23,1;9,2;9,1;24,5;24,5;0,1;4,3;20,5;1,5;157,3;3,6;418,4;667,9;12,1;9,7;27,9;39,2;22;7,6;7,5;323,1;0,7;57,1;17,7;24,5
Nordrhein-Westfalen;151;Märkischer Kreis II;;9;610,9;294,7;144,4;260;482;16,7;3,7;7,7;12,2;35,2;24,6;8,7;10,8;29,5;32,6;-5,2;1,8;27;1,5;153,5;2,4;442,1;642,1;11,1;10,3;25,3;40,4;21,8;9,8;10,6;323,7;0,5;57,1;15,4;27
Nordrhein-Westfalen;0;Land insgesamt;;396;34083,5;18075,4;8803,3;16130,8;530;15,9;3,3;7,7;13;35,7;24,4;8,8;10,6;37,8;35,9;0,2;3;27,9;0,6;76,2;3;457,4;622,6;10,8;7;22,7;40,5;26,1;10,9;11,4;311,6;0,8;33,1;23,7;42,4
Sachsen;152;Delitzsch - Torgau-Oschatz - Riesa;;43;2257;275,8;136;269,2;122;11,8;4,5;9,3;11,3;37;26,1;7,3;10,6;27,5;32,8;-8,7;2,4;195,8;0,7;48,5;2,9;487,1;660,9;15,1;11,4;13,9;52,1;22,6;18,9;20,7;283,6;4,9;30,3;25,3;39,5
Sachsen;153;Leipzig I;Erläuterungen siehe Vorbemerkungen;1;170,9;246,3;119,5;232;1441;10,5;3,3;9,7;14,1;35,1;27,3;7,9;11,1;46,8;38,2;5,5;0,2;114,2;0,3;25,7;2;640,2;441;11,6;12,5;11,5;44;32,1;19,7;19,8;383,5;0,4;17,8;22,3;59,5
Sachsen;154;Leipzig II;Erläuterungen siehe Vorbemerkungen;1;126,7;252,1;121,3;235,7;1990;10,5;3,3;9,7;14,1;35,1;27,3;7,9;11,1;46,8;38,2;5,5;0,2;114,2;0,3;25,7;2;640,2;441;11,6;12,5;11,5;44;32,1;19,7;19,8;383,5;0,4;17,8;22,3;59,5
Sachsen;155;Leipziger Land - Muldentalkreis;;46;1645,1;281,6;138,2;277,5;171;11,9;4,2;8,7;11,3;37,7;26,2;6,7;11,1;30,5;32,5;-6,4;2,4;120,7;0,6;37,2;2,8;484,4;655,3;13,7;10,4;13,4;53,1;23,1;19,1;20,4;243,9;3,8;34,4;22,5;39,3
Sachsen;156;Kamenz - Hoyerswerda - Großenhain;Erläuterungen siehe Vorbemerkungen;53;2012,6;257,5;127,4;252,5;128;12,2;4,6;9,4;11,1;36,2;26,5;7,1;11,2;23,9;31,7;-11,9;2,7;88,2;0,8;63,1;2,5;475,1;655,8;16,4;11,3;13,9;55,6;19,2;19,7;20,4;288,4;2,8;37,8;21,2;38,2
Sachsen;157;Löbau-Zittau - Görlitz - Niesky;;48;1281;245,6;119,3;240,6;192;11,6;4,2;9;10,4;35,2;29,5;7;13,4;22,1;30;-14,3;2,1;97,5;0,6;42,7;1,1;533,7;604,5;15;9,8;13;52,9;24,3;24,6;26,2;272,6;2,5;29,3;19,9;48,3
Sachsen;158;Bautzen - Weißwasser;Erläuterungen siehe Vorbemerkungen;48;1786,2;208,4;102,7;205,1;117;11,9;4,6;9,6;11,1;36,6;26,2;7,2;11,3;22,4;30,4;-12,2;2,2;105;0,6;47,2;1,6;474,4;669,3;15,7;8,8;14,6;54,4;22,2;21,5;22,8;271,4;3,4;34,4;21,2;40,9
Sachsen;159;Sächsische Schweiz - Weißeritzkreis;;43;1653,6;264,3;130,3;259,9;160;11,9;4,2;8,8;11,4;36,2;27,5;7,4;11;28;30,9;-6,6;2,8;79,5;0,6;42,7;2,7;495,3;660;12,5;10;11,1;57;22;17,1;17,6;264,6;4;33,9;21,9;40,2
Sachsen;160;Dresden I;Erläuterungen siehe Vorbemerkungen;1;81,5;266,9;127,4;252,6;3276;11,2;3,5;10,3;14,6;33,7;26,7;9,3;10;44,1;36,3;7,1;0,4;26,3;0,5;50,3;2;598,3;495;13,1;8,3;10,9;51,5;29,3;14,7;15,4;426,8;0,5;21,4;21,2;56,9
Sachsen;161;Dresden II - Meißen I;Erläuterungen siehe Vorbemerkungen;7;453,3;306,4;151,2;294,1;676;12;4;8,7;11,2;37;27;7,7;11,2;29,9;30,7;-4,3;2;54,5;0,7;64,6;3,2;461,1;625,4;13,3;10,4;11;56,2;22,5;16,6;17,1;307,3;3,5;36,9;23,6;36
Sachsen;162;Freiberg - Mittlerer Erzgebirgskreis;;50;1509;237,3;116,7;233,3;157;12;4,2;9,4;11,3;35,6;27,4;7,3;11,7;21,2;26,6;-9,9;3,1;94,5;0,9;60,5;1,8;482,6;668,1;15;9,5;12,1;57,3;21,2;18,2;19,8;282,9;4,7;39,7;19,4;36,2
Sachsen;163;Döbeln - Mittweida - Meißen II;;46;1622,3;270,3;131,8;266,6;167;11,3;4,1;8,9;11,1;35,8;28,7;6,8;12,3;21,5;28,3;-12,3;3,3;102,8;1;64,9;2,2;517,3;683,6;13,6;8,9;13,8;55,7;21,6;19;20,7;279,4;3,9;38,3;22,6;35,1
Sachsen;164;Chemnitz;;1;220,9;248,4;118,6;237,4;1125;10,1;3,4;8,9;11,2;36,3;30,1;7,1;12,4;27,4;32,8;-10,8;0,5;69,4;0,6;53,6;2,9;641,3;592,4;12;10,5;10,4;50;29,1;17,9;19,2;421,8;0,8;23,2;22,1;53,8
Sachsen;165;Chemnitzer Land - Stollberg;;30;602;226,4;109,7;223,3;376;11,1;3,9;8,6;10,9;36,6;28,8;6,9;12,9;23,6;26,9;-9,2;2,2;56;0,8;61,3;2,9;523,4;655,3;13,5;8,6;10,5;56;25;17,9;19;271,4;2,8;41,3;21,5;34,4
Sachsen;166;Annaberg - Aue-Schwarzenberg;;39;966,4;217;105,1;214,6;225;11,6;4;9,2;10,8;36,7;27,7;7,1;13,2;16,5;24,1;-13,7;2,5;34,9;0,9;65;2,8;520;645,3;13,6;9,6;16,2;57,4;16,8;19,7;21,1;287,5;2,2;41,2;19,2;37,4
Sachsen;167;Zwickauer Land - Zwickau;;18;613,6;228,7;110,1;224,7;373;11,1;3,9;8,5;11;36,6;28,8;7;13,2;27,1;31,1;-10,1;2;59,2;0,5;74,4;3,1;577,7;632,6;12,9;11,7;10,9;53,1;24,3;18,4;20,6;335,6;2,3;34,4;20,6;42,8
Sachsen;168;Vogtland - Plauen;;47;1412;263,2;126,5;258,8;186;11;3,7;8,3;10,9;36,5;29,5;6,7;13,8;22,3;25,6;-10,3;3;57,6;0,9;67,7;2,1;558,6;678,4;12,6;8,7;14,5;54,2;22,6;16,8;18;297,6;2,6;37,6;20,6;39,2
Sachsen;0;Land insgesamt;;519;18413,9;4296,3;2091,8;4177,8;233;11,4;4;9,2;11,8;36;27,7;7,4;11,7;29,3;31,4;-6,4;1,9;109,8;0,7;52,1;2,3;541,4;608,8;13,6;10,1;12,6;53,3;24,1;18,6;19,7;318,5;2,3;30,4;21,6;45,8
Hessen;169;Waldeck;;29;2166,6;250,1;122;238,8;115;15,9;3,5;7,3;12;35,2;26;7,9;11,3;34,1;33,6;-3;10,1;28,8;0,5;96,5;3,7;446,7;728,7;9,9;9,1;26,1;44,9;19,3;9,1;9,5;269,4;1;44,8;20,4;33,7
Hessen;170;Kassel;;12;357,5;297,3;142,2;269;832;14;2,9;7,9;13,4;36;25,8;8,4;11,5;65,6;61,7;0,8;0,2;17,3;0,4;76,6;2,6;504,7;526;11,5;12,7;21,9;32,6;31,4;16,2;16,9;457,6;0,5;22,2;24,3;53
Hessen;171;Werra-Meißner - Hersfeld-Rotenburg;;36;2121,8;238,5;117;228,2;112;14,8;3,4;7,4;11,8;34,7;27,9;7,7;12,6;27,9;29,8;-6,8;11,1;28,1;0,7;75,5;2,4;450,6;738,8;10,7;7,8;31,6;39,9;19,6;10,5;10,7;280;1,2;37,6;24,7;36,5
Hessen;172;Schwalm-Eder;;38;2262,6;252,4;125,2;242,2;112;16,1;3,6;7,8;12,4;35,2;25;7,9;11,6;30;30,6;-4,3;11,7;30,5;0,6;61,6;3;405,2;757;12,3;11,6;28,7;35,9;22,1;8,9;9,4;228,5;1;34,6;24,8;39,6
Hessen;173;Marburg;;22;1262,5;253,7;124,4;229,6;201;15,4;3,2;9,4;14,1;35,8;22;8,4;9,1;38,6;38,2;-0,3;8,1;23,9;0,6;99,6;3,5;404,1;641,9;10,5;9,5;23,9;37,7;27,6;7,4;7,6;298,7;0,8;39,2;15,7;44,3
Hessen;174;Lahn-Dill;;25;1153,4;284,2;139,2;262;246;16,4;3,5;7,8;12,5;35,3;24,6;8,6;10,7;26,6;27;-2,4;3,6;23,4;1;111,8;3,2;426,8;704,6;10,4;7,1;27,5;47,4;17;9,2;10,1;302,4;0,6;48,6;19,2;31,5
Hessen;175;Gießen;;27;1586,6;301,6;147,8;279,5;190;15,4;3,4;8,6;13,6;35,9;23,1;8,4;10,1;36,9;34,6;0,7;8,2;31,7;0,6;59,8;3,4;451,3;699,4;11,3;7,9;23,3;43,3;24,1;9,8;10,5;293,6;0,8;30,7;24,3;44,2
Hessen;176;Fulda;;35;2437,2;313,5;154,3;297,5;129;16,9;3,5;7,9;12,8;34,4;24,5;9,5;9,9;26;23,1;2,4;12,6;23,1;0,8;88,5;3,6;424,6;722,3;10,6;7,4;28,1;40,3;23,2;8,1;8,6;325,4;0,6;37,9;24,7;36,8
Hessen;177;Hochtaunus;;19;812,6;248,9;120,5;222,4;306;15,8;3;7;12,4;37,5;24,2;9,1;10,2;52,3;52,5;-1,3;1,7;29,3;0,4;53,7;3,9;453,3;733;9,1;7,8;15,5;33,8;41,6;6,4;6,1;320,2;0,6;24,5;24,3;50,6
Hessen;178;Wetterau;;28;1240,9;330,5;162,1;303,3;266;16,3;3,2;7,3;12,9;37,1;23,2;8,9;9,8;42;40,7;0,4;4,9;36,5;0,5;47,5;3,4;411,3;692,9;10;9,4;21,6;37,4;30,7;8;8,4;241,9;1;29,9;24,5;44,6
Hessen;179;Rheingau-Taunus - Limburg;;27;1171,3;296,7;145,5;269,7;253;16;3,2;7,5;12,6;37,3;23,4;8,8;9,8;39,7;39,2;-0,6;5,3;26,3;0,5;43,1;4,3;431,6;719,4;10,3;11;26;37,5;25,2;7,5;8,5;222,9;1,3;30,6;24,3;43,8
Hessen;180;Wiesbaden;;1;203,9;274,1;132,2;218,1;1344;14,1;2,6;7,4;15,1;36,3;24,5;10;10,9;55;52,5;1,6;0,9;21,4;0,3;51,1;2,1;501,8;746,9;9;9,3;19;29,5;40,3;10,3;11;436,3;0,5;17,9;20,4;61,2
Hessen;181;Hanau;;22;840,6;333,7;163,5;298;397;15,6;3,2;7,4;13,1;37,4;23,4;8,7;9,7;35,6;34,3;0,2;4,2;26,3;0,6;68,9;3,3;449,3;686,9;9,9;10,4;25,3;42;21,9;7,7;8,2;269,8;0,9;36,7;24,2;38,2
Hessen;182;Main-Taunus;;15;270,5;267,9;129,8;234,7;990;15,1;2,7;6,6;13,3;37,6;24,8;9,6;8,7;55,6;55,9;0,7;1,4;22,5;0,4;44,2;2,6;465,6;740,9;6,9;8,2;20,9;43,9;26,3;5,7;5,3;338,7;0,6;19,6;31,3;48,5
Hessen;183;Frankfurt am Main I;Erläuterungen siehe Vorbemerkungen;1;85,6;320,8;158,3;242,9;3746;12,7;2,4;7,4;16,8;38,1;22,7;10;9,9;72,3;73;-0,6;0,3;22,7;0,3;80,1;2,7;533,8;592,2;7,8;8,9;19,2;31,5;38;10;9,8;717,2;0,2;13,4;29;57,4
Hessen;184;Frankfurt am Main II;Erläuterungen siehe Vorbemerkungen;1;162,7;326,1;157,3;264,6;2004;12,7;2,4;7,4;16,8;38,1;22,7;10;9,9;72,3;73;-0,6;0,3;22,7;0,3;80,1;2,7;533,8;592,2;7,8;8,9;19,2;31,5;38;10;9,8;717,2;0,2;13,4;29;57,4
Hessen;185;Groß-Gerau;;14;453,1;252,3;125,6;208,4;557;15,6;3,1;8;13,8;37;22,6;9,5;9,7;48,4;49,8;-1,6;1,8;39,6;0,4;122,1;3,5;439,6;736,3;9;8;22,7;47,3;21,3;8,1;8,2;363,4;0,5;39,7;27,2;32,7
Hessen;186;Offenbach;;9;241,4;344;169,9;280,1;1425;14,9;2,8;7,8;14,3;36,9;23,4;9,6;8,7;55,2;56,6;-0,5;0,5;27,8;0,5;65,6;1,9;478,1;657,9;9;10,4;23,3;34,8;30;9,7;9,7;322,7;0,5;28,7;31,5;39,2
Hessen;187;Darmstadt;;15;449,3;323,5;159,8;282,6;720;14,6;2,9;7,8;14,3;37,7;22,7;9,1;9,3;56,3;53,5;2,7;1,9;32,7;0,5;80,7;3,4;478,2;674,6;10,4;9,2;20,3;35,3;33,1;8,1;8,4;335;0,7;32,4;22,1;44,8
Hessen;188;Odenwald;;29;1115,1;321,9;159,4;290,3;289;16,3;3,4;7,6;12,8;37,5;22,5;8,5;10,9;36,3;32,7;1,2;7,7;22,6;0,6;80,7;3,8;413,6;716,3;11,3;9,8;27,2;45,6;17;8,8;9,6;238,3;0,7;48,4;16,7;34,1
Hessen;189;Bergstraße;;22;719,6;266,3;130,6;240,9;370;15,6;3,3;7,3;12,3;37,3;24,2;8,2;10,4;37,6;34,1;1,3;3,6;25;0,6;52,8;4,2;434;725,5;10,2;4,8;24,5;38,5;31;8;8,5;232,7;0,9;36,5;26,6;36,1
Hessen;0;Land insgesamt;;426;21114,8;6097,8;2986,5;5403,1;289;15,2;3,1;7,6;13,5;36,6;23,9;8,9;10,1;45,7;44,9;-0,4;4,5;27,9;0,5;73;3,2;455,4;689,5;9,8;9,1;23,7;38,6;27,4;8,9;9,2;346,5;0,6;28,5;25,2;45,7
Thüringen;190;Eichsfeld - Nordhausen - Unstrut-Hainich-Kreis I;;134;1908,7;256,7;127,5;250,9;134;12,8;4,5;10;12;36,2;24,5;7,4;10,4;18;24,4;-9,4;2,8;144,5;0,8;54,2;2,4;448,4;637,9;14,9;12,7;21,4;43,5;22,3;18,7;19,6;278,6;2,9;37;20,9;39,3
Thüringen;191;Eisenach - Wartburgkreis - Unstrut-Hainich-Kreis II;;104;2126,2;247,5;122,8;243,9;116;12,1;4,2;9,5;11,9;36,8;25,6;7,7;11,6;23,7;30,1;-10,3;2,8;154;0,9;80,2;2,5;462,3;639,4;13,9;11,6;18;45,5;24,9;15,5;16,1;305,3;3,7;41;19,3;36
Thüringen;192;Kyffhäuserkreis - Sömmerda - Weimarer Land I;;175;2550,6;249,2;123,3;246,1;98;12,1;4,4;9,4;11,6;38,1;24,4;7,2;10,6;24,5;32,3;-11,2;3,3;213;0,7;44,8;2,6;457,6;660,6;13,8;14;20,6;43,1;22,3;21,6;22;246,8;5;36,4;21,4;37,2
Thüringen;193;Gotha - Ilm-Kreis;;109;1778,9;262,9;129,8;257,2;148;11,6;4,1;9,5;11,6;37,3;25,9;7;11,4;23,9;28,4;-8,9;1,3;222,8;0,9;64,9;2,4;488,4;626,2;12,8;11,4;17,1;43,8;27,8;17,7;18,3;290,7;3;38,6;23,1;35,4
Thüringen;194;Erfurt - Weimar - Weimarer Land II;;13;445,2;273,9;132,6;265,5;615;11,7;3,9;10,2;13,5;36,4;24,3;8,4;10,2;48,5;39,1;7,6;0,5;135,7;0,5;36,4;3,9;548,8;524,4;13;12,6;15,1;37,7;34,6;19,2;20,7;443,7;0,8;17,4;22,6;59,2
Thüringen;195;Gera - Jena - Saale-Holzland-Kreis;;97;1083,4;299,1;146,5;290,9;276;11;4;10,3;12,6;36,9;25,3;7,1;9,8;47,4;45,6;-0,9;1,2;130;0,6;51,1;3,2;528,8;568,5;13,8;11,5;18;40,4;30,1;16,6;17,1;351,9;1,6;25,4;20,9;52
Thüringen;196;Greiz - Altenburger Land;;106;1412,6;225,9;110,3;222,9;160;11;4;8,6;10,8;37,3;28,3;6,3;12,1;19,7;27,9;-14;2,9;128,5;0,8;49,5;2;529,8;667,5;13,1;10,1;19,5;45,3;25,1;20,5;21,5;250,5;4,1;38,5;23,5;33,9
Thüringen;197;Sonneberg - Saalfeld-Rudolstadt - Saale-Orla-Kreis;;139;2616,4;286,2;140,2;280,5;109;11,2;4,2;8,9;11,3;36,9;27,5;6,5;12;17,2;24,8;-13,2;2,5;128,7;1;79,2;1,7;483,6;678,8;13,7;10,7;18,7;47,6;23;16,3;17,3;291,9;4;43,9;18,6;33,6
Thüringen;198;Suhl - Schmalkalden-Meiningen - Hildburghausen;;121;2250,2;253,8;125,5;249,6;113;11,3;4,3;9,6;11,5;37,6;25,8;6,4;11,3;21,4;29;-12,6;1,9;163,3;1;70,4;2,4;468,4;688,1;14,4;12;18,7;46,7;22,6;14,7;15,5;303,3;2,7;37,6;19,1;40,5
Thüringen;0;Land insgesamt;;998;16172,1;2355,3;1158,5;2307,5;146;11,6;4,2;9,6;11,9;37;25,7;7,1;11;27,7;31,7;-7,9;2,1;159,6;0,8;59,7;2,6;491,2;631;13,7;11,8;18,5;43,8;25,9;17,7;18,5;309,5;2,9;33,7;21;42,4
Rheinland-Pfalz;199;Neuwied;;181;1268,8;322,9;158,4;302,8;255;16,2;3,6;7,8;11,8;35,5;25;8,7;11,1;38,5;36,3;-0,1;10,2;25,1;0,9;83,7;3,9;437,1;702,2;11;9;35,6;37,6;16,8;9,3;9,9;265,1;0,8;44,4;22,1;32,7
Rheinland-Pfalz;200;Ahrweiler;;131;1337,1;251,6;123,5;237,7;188;16,3;3,5;7,7;11,5;35;25,8;8;11,2;41,4;37,2;0,9;4,2;24,7;0,6;54,3;5,4;441,6;705,7;10,5;10,4;33,6;35,1;19,7;8,3;8,9;232,8;1,5;33,7;26;38,9
Rheinland-Pfalz;201;Koblenz;;63;635;254,6;122,9;235,2;401;15,7;3,3;7,5;12,4;35,3;25,8;9,2;12,3;60,9;60,4;-2,6;4,3;23,7;0,4;65,1;4,3;461,3;645,4;12,8;9;22,3;28,8;37,8;9;9,8;568,9;0,4;17,5;25,8;56,3
Rheinland-Pfalz;202;Mosel/Rhein-Hunsrück;;278;2297,1;229,7;113,2;220,7;100;16;3,4;7,5;11,9;36,3;24,9;8,2;11,1;33;30,2;0;6,5;33,6;0,6;67,6;3,9;435;769;11,9;8,6;34;41,2;15,5;7,7;8;273,8;1,5;38,5;23,7;36,2
Rheinland-Pfalz;203;Kreuznach;;215;1640,4;247,5;120,9;230,9;151;15,8;3,5;7,9;11,7;34,5;26,6;8,1;11,8;33,5;30,2;-0,5;10,7;21;0,6;63,9;4,4;468,2;699,8;10,6;9,3;37,5;29,3;22,6;10;10,3;269,4;0,8;35,1;22,6;41,5
Rheinland-Pfalz;204;Bitburg;;400;3100,7;216,6;107;206,8;70;16,8;3,6;7,8;12;35;24,8;8,3;11,1;32,4;30,9;-1,3;18;26;0,7;63,5;5,1;433,6;803,6;12,4;7,2;34,9;33,7;23,2;6,8;7,2;246,3;1,4;40,4;23,9;34,3
Rheinland-Pfalz;205;Trier;;104;1208,1;239,8;116,2;224,2;198;14,6;3;9,3;13,7;34,1;25,3;8,6;10,4;48,4;45;1,6;14,6;11,7;0,5;56,5;5;486,7;675,1;11;8,1;28;36,4;26,6;7,9;8,1;296,9;1;28,9;24,4;45,7
Rheinland-Pfalz;206;Montabaur;;297;1508,3;278,7;137,8;260,8;185;17,4;3,7;7,9;12,2;35,4;23,4;8,6;11,3;39;35,5;0,9;5,2;25,6;0,9;71,2;5,5;417,6;733,1;10,8;9,4;37,6;34,5;17,7;7,5;8;247,4;1;43,6;21,8;33,5
Rheinland-Pfalz;207;Mainz;;42;524,2;329;160,3;283,8;628;14,5;2,9;8,1;14,6;36,1;23,8;9,2;9,2;56,1;54,8;1,3;3,7;21,4;0,4;60,7;3,5;494,2;754,2;9,7;8,2;26,7;29,3;33,9;7,5;7,9;357,1;0,9;22,7;22,9;53,5
Rheinland-Pfalz;208;Worms;;95;876,6;265,2;130,6;244,8;303;15,7;3,4;7,6;12,3;36,8;24,2;9;9,9;47,3;43,2;3,2;8,7;15,1;0,4;43;3,4;458,7;700,5;12,1;6,9;32,1;37;21,6;8,7;9,2;239,1;1,7;30,9;26;41,3
Rheinland-Pfalz;209;Ludwigshafen/Frankenthal;;20;314,8;311,5;153,8;263,1;989;14,8;3,1;7,6;12,8;36,1;25,6;8,2;10,3;50,3;46,8;1,3;1;38,2;0,4;158;2,4;489,6;631,1;9,7;11,7;34,1;30,2;22,5;8,9;9,6;346,4;1,6;51,2;16;31,2
Rheinland-Pfalz;210;Neustadt - Speyer;;57;866;287,4;140,1;266,6;332;16,2;3,4;7,5;12,1;37,4;23,5;8,3;11;47,1;43,5;1;9,1;19,1;0,5;46,4;4,4;445,1;707;11;9;25,2;30,9;33,2;7,2;7,9;269,4;1,5;27,4;23,6;47,4
Rheinland-Pfalz;211;Kaiserslautern;;208;1696;309,5;153,2;288,2;182;15,5;3,4;7,9;12,2;36,4;24,6;8,3;11,6;44,8;43,7;-2,1;9,9;17,3;0,5;87,1;4,6;462,9;684,5;13,1;7,6;28,9;36,7;25;10,1;11;304,5;0,5;33,7;19,2;46,6
Rheinland-Pfalz;212;Pirmasens;;108;1388,3;239;117,4;225,6;172;16,2;3,5;7,6;11,9;36,5;24,2;7,6;11,8;39,9;40,1;-4,3;12,4;19,6;0,6;60,2;3;458,7;706;9,3;9,6;35,5;36,3;17,4;10,7;11,3;229,4;0,9;35,9;22,8;40,5
Rheinland-Pfalz;213;Südpfalz;;107;1186;278,1;136,6;258,3;234;16,4;3,5;7,8;12,2;36,7;23,3;8;9,7;45,8;42,1;1,9;4,7;25;0,5;79,5;5,3;462,1;738,3;11,8;10,9;29,3;39,3;19,3;7,5;7,9;276,7;1,4;38,6;23,8;36,1
Rheinland-Pfalz;0;Land insgesamt;;2306;19847,4;4061,1;1992;3749,5;205;15,8;3,4;7,8;12,4;35,9;24,7;8,4;10,8;43,7;41;0,2;8,1;21,8;0,6;73,3;4,3;456,8;710,9;11;9,1;32;34,7;22,8;8,5;9;286,5;1,1;35,2;22,5;41,1
Bayern;214;Altötting;;55;1374,7;220,3;107,9;206,1;160;16,8;3,5;8;12,6;35,3;23,9;8,8;10,7;36;32,7;1,3;17,3;21,6;0,7;114,5;4,7;428,6;728,9;11,3;14,7;36,5;32,7;16,1;8,2;8,7;305,8;0,7;51,2;17,9;30,2
Bayern;215;Erding - Ebersberg;;47;1420,2;245;121,8;226;173;18;3,2;7,5;13,9;37,1;20,3;9,5;7,9;55,7;49,6;7,7;15,4;23,4;0,4;35,5;6,2;394,3;731,8;9,8;7,8;35,2;37,5;19,5;4,8;5;224,7;1,6;28,3;32,3;37,7
Bayern;216;Freising;;43;1560;274,7;138,1;247,9;176;17,7;3,4;8,2;14,6;37,3;18,9;10,2;7,4;53,7;50,7;5,8;15,4;21,7;0,5;64,5;7,2;393,6;750,8;10,4;8,6;38;37,6;15,8;5,7;5,6;338,3;1,2;30,4;40,2;28,1
Bayern;217;Fürstenfeldbruck;;40;1013,8;332,4;163;298,6;328;16,3;3;7,2;13,3;37,9;22,3;9,2;8,3;49,5;46,4;4;6,2;30,1;0,4;32,6;6,1;432,4;668,6;8,8;6,7;36,3;29,6;27,4;5,8;6,1;196,3;1,2;31,2;28,1;39,4
Bayern;218;Ingolstadt;;49;2087,5;334,6;166,3;303,2;160;17,3;3,6;8,6;13,8;34,9;21,8;10;8,7;47,3;42,9;5,7;13;25;0,6;154,9;5,9;412,6;772,2;12,1;8,3;36,4;38,7;16,6;6,5;6,9;371;0,6;52,2;17,1;30
Bayern;219;München-Nord;Erläuterungen siehe Vorbemerkungen;1;87,5;313,3;153,2;229,5;3581;12,7;2,3;7,9;17,3;36,5;23,3;10,2;9,1;73,2;63,7;10,6;0,2;33,3;0,3;101,6;2,9;572,2;630,3;8,8;8,9;28,1;35,3;27,7;7,6;7,4;531,5;0,3;23,8;20,2;55,7
Bayern;220;München-Ost;Erläuterungen siehe Vorbemerkungen;1;79,8;324,2;156,2;250,2;4065;12,7;2,3;7,9;17,3;36,5;23,3;10,2;9,1;73,2;63,7;10,6;0,2;33,3;0,3;101,6;2,9;572,2;630,3;8,8;8,9;28,1;35,3;27,7;7,6;7,4;531,5;0,3;23,8;20,2;55,7
Bayern;221;München-Süd;Erläuterungen siehe Vorbemerkungen;1;52,5;291,2;138,2;225,4;5546;12,7;2,3;7,9;17,3;36,5;23,3;10,2;9,1;73,2;63,7;10,6;0,2;33,3;0,3;101,6;2,9;572,2;630,3;8,8;8,9;28,1;35,3;27,7;7,6;7,4;531,5;0,3;23,8;20,2;55,7
Bayern;222;München-West/Mitte;Erläuterungen siehe Vorbemerkungen;1;90,7;320,5;155,5;246,3;3535;12,7;2,3;7,9;17,3;36,5;23,3;10,2;9,1;73,2;63,7;10,6;0,2;33,3;0,3;101,6;2,9;572,2;630,3;8,8;8,9;28,1;35,3;27,7;7,6;7,4;531,5;0,3;23,8;20,2;55,7
Bayern;223;München-Land;;30;683,3;313,7;154,7;273,9;459;15;2,6;7,3;13,7;37,9;23,5;9,2;8,7;77,4;75;2,8;2,2;30,2;0,8;91;9,4;452,5;764,9;7,5;6,1;24;31,5;38,4;5,3;5,2;517,5;0,7;24,9;28,8;45,6
Bayern;224;Rosenheim;;47;1476,7;305,2;149,6;279;207;16,9;3,3;7,6;13,2;36,2;22,9;9,1;9,9;49,7;45,1;3,8;12,6;18,1;0,5;68;4,6;425;720,3;11,1;9,3;33,7;37,9;19,1;6,8;7,4;292,4;1,1;35,3;25;38,6
Bayern;225;Starnberg;;51;2446,2;334,4;160,7;304,8;137;15,9;3;7,4;12,5;36,6;24,5;9;9;52,6;49,2;3,4;9,9;23,2;0,6;59,1;7,7;446,9;749,1;9,3;7;32,4;36,9;23,7;6,2;6,5;267,9;1,4;31,6;26,7;40,3
Bayern;226;Traunstein;;50;2373,9;272,6;131,8;250,5;115;15,8;3,3;7,6;12,5;34,7;26,1;7,9;10,5;38,6;32;4,1;17,8;17,9;0,6;74,4;4,2;474,6;732,9;11,5;9,6;35,5;38,4;16,5;7,1;7,1;293,5;1,1;39;26,5;33,5
Bayern;227;Weilheim;;87;2783;328,9;161,5;305;118;17,1;3,3;7,5;12,6;35,9;23,5;8,8;9,6;45,4;39,8;4,9;13,7;23,2;0,5;61,9;4,7;448,2;739;10,7;9,1;33,8;37,2;19,8;6,1;6,4;266,7;1,2;37,5;23,4;38
Bayern;228;Deggendorf;;51;1845,3;199,3;97,6;191,9;108;16,6;3,6;8,2;13,1;35,9;22,6;8,6;9,6;30,4;29,8;-0,4;22,8;17;0,8;83,1;4,7;433,6;774,4;12,4;9,7;37,8;34,4;18;9,7;10,8;285,7;0,9;46,6;20,6;31,9
Bayern;229;Landshut;;60;2480,5;321,2;158,4;299,9;129;17;3,4;8,1;13,7;35,9;21,9;9,4;9,4;47;40,7;6,2;17,9;24,4;0,7;81,9;5,5;429,7;753,2;11,5;8,7;35,1;41,3;15;6,4;6,9;295,8;1,3;41,5;20,9;36,2
Bayern;230;Passau;;39;1599,8;239,6;116,6;227;150;15,7;3,3;8,8;13,3;35,2;23,7;8,4;10,1;37,7;34,7;1,3;17,9;20,4;0,8;88,2;7;446,6;749,5;11,3;11,2;36,4;34,3;18,1;10,8;11,1;322,5;0,7;39,7;24,2;35,4
Bayern;231;Rottal-Inn;;46;2159,3;211,8;104,8;200,1;98;17,1;3,6;8,2;12,9;35;23,2;8,9;10,3;32,5;28,7;2,4;29,3;21,6;0,7;173,1;5,1;407,9;836,4;11,6;9,7;42,5;33,4;14,4;6,2;6,8;349,8;0,8;61,6;15,4;22,2
Bayern;232;Straubing;;62;2244,9;224,3;111,1;212,4;100;16,2;3,6;8,1;13,2;35,7;23,2;8,7;10,7;36,6;33,3;1,3;23,1;19,4;0,6;73,6;5,3;444,5;758;12,1;9,7;36,1;36,9;17,3;8,4;9,5;284,9;1,3;42,4;22,7;33,5
Bayern;233;Amberg;;47;2650;282,1;138,9;269,6;106;17,5;3,7;8;12,8;35,3;22,7;8,7;9,8;34,1;30,9;2,1;18,6;21,6;0,7;88,9;5;418,6;737,5;11,9;9,1;42,1;32,8;16;9,1;9,8;286,7;0,6;46,9;19,8;32,7
Bayern;234;Regensburg;;42;1473,8;310,3;151,8;288,7;211;15,4;3,1;8,3;14,4;36,8;21,9;8,8;9,2;54,3;48,8;5;8,9;27,1;0,5;120,5;5,1;476,6;728,5;10;8,8;34,7;34,2;22,3;7,4;8,4;403,2;0,5;37,9;22,3;39,2
Bayern;235;Schwandorf;;72;2984,6;276,2;136,9;266,9;93;16,6;3,6;8,3;13;35,2;23,4;8,7;10,6;23,9;22,4;-0,4;23,2;19,6;0,8;96,2;5,9;424,3;812;11,7;9;40,2;35,6;15,2;8,5;9,2;296,5;0,9;49,2;21;28,9
Bayern;236;Weiden;;65;2582,6;221,7;108,3;213,8;86;16,8;3,6;8,1;12,5;34,7;24,3;8,4;11,2;31,3;33,5;-5,1;17,6;24,2;0,8;100,4;4,2;452,2;767,1;11,5;8,7;37,4;36,8;17,1;9,7;10,3;299,4;1;45,7;21,4;31,9
Bayern;237;Bamberg;;37;1003,1;228,1;110,9;215,2;227;16,6;3,5;8,5;13,3;35,7;22,4;8,8;9,9;40,6;38,1;1,5;10,7;16,8;0,6;92,4;5,1;446,9;741,9;11,7;8,8;36;32,6;22,6;8;8,5;287,7;1;42,7;22,7;33,6
Bayern;238;Bayreuth;;44;1648,2;212,2;103,7;200,2;129;15,3;3,2;9;13,2;35,1;24,3;8,2;10,5;52,8;48,5;2;17,3;18,2;0,7;72,8;4,1;458,1;721,3;11,6;9,6;34,4;35,4;20,6;10,6;11,1;320,7;0,7;34,3;21,8;43,1
Bayern;239;Coburg;;36;1289,9;208,1;101,4;198,1;161;15,3;3,5;7,5;12,2;35,6;26;7,7;11,3;33,3;34,3;-4,7;9,6;26,1;1,4;175,3;3,1;466,7;721,2;11,2;11,5;39,9;33,5;15,1;11,6;12,4;382,9;0,6;51,9;16,4;31,1
Bayern;240;Hof;;45;1557;238,4;114,3;223,2;153;14,5;3,1;7,1;11,6;34,7;28,9;7,5;13,4;31,1;34,2;-9,1;8,9;33,9;1,1;123,3;3;509,2;718,9;10,8;10,5;36,2;35,1;18,2;13,4;13,2;339,9;0,5;46,3;22,1;31,1
Bayern;241;Kulmbach;;52;1732,6;219,7;107,5;212,1;127;16,2;3,6;7,8;12,6;35,9;23,9;7,8;11,2;25,2;26,3;-4,5;17,4;21,2;1,1;117,6;4;434,6;766,9;10,6;10,7;39,1;33,1;17,1;10,9;12,2;329,2;0,6;46;24,1;29,3
Bayern;242;Ansbach;;86;3043;320,1;157,2;301,1;105;17,5;3,7;8,2;12,4;34,5;23,7;8,9;10,3;33,3;30,6;1,3;21,8;23,7;0,8;100,7;5;426,3;785,3;12,6;10,4;36,8;36,3;16,5;7,9;8,8;307,2;0,9;46,2;19,7;33,3
Bayern;243;Erlangen;;26;641,4;233,2;114,6;210,4;364;15,9;3,3;8,5;13,6;36,9;21,8;8,9;8,5;60,8;59,2;2;5,5;17,7;0,5;184,1;4;461,3;679,2;10,8;9;30,3;29,8;30,9;6,7;7;456,6;0,4;50,6;14;35
Bayern;244;Fürth;;53;1638,6;326,8;159,9;300,8;199;16,2;3,3;7,5;12,7;37;23,3;8,7;10,6;55,3;50,4;3;10,9;25,4;0,7;63,9;3,5;459,4;707,6;11;9,7;37,2;32,7;20,4;8,7;8,9;265,2;1,1;37,1;25,5;36,3
Bayern;245;Nürnberg-Nord;Erläuterungen siehe Vorbemerkungen;1;85,8;272,3;131,2;217,9;3173;13,1;2,6;7,9;14,7;35,8;26;8,7;11,6;56,1;52,9;0,3;0,5;11,5;0,6;112,2;2,7;521,3;588,8;10,1;15,1;38,4;26,2;20,4;13,5;13,7;511,9;0,5;26,6;26,6;46,3
Bayern;246;Nürnberg-Süd;Erläuterungen siehe Vorbemerkungen;2;141,4;261,6;126;223,3;1851;15,5;3,3;7,6;12,6;36,3;24,7;7,6;10,2;56;54,7;-1,2;1,8;15,5;1,1;97,3;2,6;479,2;753,4;16,2;7,8;22;48,1;22;8,6;8,9;316,7;0,9;41,7;23,9;33,5
Bayern;247;Roth;;43;1694,7;294,8;144,9;276,6;174;16,6;3,4;7,3;12,1;36,9;23,7;8,2;9,8;35;30,8;2,6;11,7;17,5;0,8;81,8;3,6;424,3;750,3;9,7;8,8;40;33,1;18,1;7,2;7,6;245,8;0,8;42,2;23,4;33,5
Bayern;248;Aschaffenburg;;33;761,6;244,1;119,7;221,4;321;16,5;3,4;7,7;12,7;36,6;22,9;8,7;8,8;42,7;41,4;1,2;3,2;19,6;0,7;100,8;3,4;437;703,8;10,4;10;39,3;34;16,7;7,7;8;331,2;0,7;41,7;25,7;31,8
Bayern;249;Bad Kissingen;;89;3114,8;283,2;140,2;274,1;91;16,9;3,9;8,1;12,1;34,9;24,1;8,7;11;28,3;27,8;-1,7;17,9;25,7;0,7;90,2;4;426,4;768,1;12,2;8;39,6;36,4;16;9;9,5;282,7;1,2;43,8;20;35
Bayern;250;Main-Spessart;;72;2037,3;263,3;130,8;242,9;129;17,4;3,7;7,9;12,4;35,6;23,1;8,4;9,3;27,2;27,6;-1,2;9;23,8;0,8;124,1;3,6;420,5;726,7;11,6;10,6;37;37,5;14,9;7,3;7,7;283,5;1;56,1;16,4;26,6
Bayern;251;Schweinfurt;;61;1561,3;260,4;128,1;243,3;167;16,7;3,6;7,9;12,1;35,4;24,3;8,6;10,1;39,1;38,1;-0,5;16,4;21,6;0,7;117;3,5;436,7;725,5;12,9;8,6;35,2;34,7;20,9;7,8;7,9;357,3;1,2;44,1;21;33,7
Bayern;252;Würzburg;;53;1056;293,6;141,2;269,5;278;14,3;3,1;10,1;13,9;35,7;22,9;8,1;9,3;67,8;62,8;3,8;8,1;26;0,5;58,7;4,3;473,7;657,4;10,2;7,9;29,8;35,9;26;7,3;8;350,3;0,8;23,7;27,5;48
Bayern;253;Augsburg-Stadt;;2;165,2;287,9;138,2;239;1743;14,4;2,8;8;14,5;34,9;25,3;9,6;11,8;49,9;47,8;0;0,6;24,9;0,5;116,2;3;520,9;570,4;11,9;10;32,8;29,9;26,9;11,6;12;468,8;0,3;32,7;20,9;46,2
Bayern;254;Augsburg-Land;;61;1567,4;318,1;156,7;298,1;203;17,8;3,6;7,6;12,6;36,6;21,8;9,1;8,1;40,2;35,7;5,6;10,1;25,8;0,7;73,4;4,8;422,5;736,3;9,6;11,2;40,7;36,4;11,7;6,7;7;216,9;1,1;45,8;25,7;27,3
Bayern;255;Donau-Ries;;79;2332,6;249,9;124,5;236,3;107;18,2;3,8;8,3;13,1;34,5;22,1;9,3;10;30,1;25,9;3,6;21,5;25,5;0,9;123,3;3,9;414,1;773,4;12,8;10,3;35,1;39,1;15,6;5,5;5,9;313,1;1,3;51,6;20,8;26,3
Bayern;256;Neu-Ulm;;70;1683,6;320,2;158,9;287,9;190;17,5;3,6;8,3;13,2;35,3;22,2;9,8;9;37,6;34,1;4,3;11,4;24;0,8;111,8;4,1;429,1;733,4;11,6;10,8;34,9;37,4;16,9;7,2;7,7;314,4;0,7;45,3;23,9;30
Bayern;257;Oberallgäu;;48;1914,7;290,4;140,2;263,7;152;16,6;3,4;7,5;12,6;34,7;25,2;8,7;10,4;46,5;41,9;2,9;14,6;20,1;0,6;86,2;5;508,4;736;10,8;8,7;37,4;36,2;17,7;7,1;7,5;322,5;0,9;38,9;27,2;32,9
Bayern;258;Ostallgäu;;80;2328,5;319,7;155,7;296,7;137;17,2;3,5;7,9;12,5;34,3;24,5;9,2;10,4;41,4;37,3;2,9;17,6;23,4;0,8;92,3;4,6;455,5;754,6;11,8;9,3;37,6;38,1;14,9;7,3;7,6;312,5;1,1;46,2;22,2;30,5
Bayern;0;Land insgesamt;;2056;70549,1;12443,9;6088,8;11268,7;176;16;3,3;8;13,5;35,9;23,4;9;9,8;46,7;42,9;2,9;11,8;22,4;0,6;95,8;4,6;459,1;720,2;10,8;9,5;35,6;35,1;19,7;8;8,3;344,6;0,8;37,9;22,8;38,6
Baden-Württemberg;259;Stuttgart I;Erläuterungen siehe Vorbemerkungen;1;113,7;284;139,3;221,9;2497;13;2,5;8,1;16,8;35,8;23,8;9;9,3;65,3;63,7;1,3;0,5;7,9;0,4;142,9;1,6;494,5;597,2;8,5;10;25,2;29,4;34,7;7,8;8,1;582,9;0,3;29,3;17,1;53,3
Baden-Württemberg;260;Stuttgart II;Erläuterungen siehe Vorbemerkungen;1;93,6;306,7;151,6;228,5;3276;13;2,5;8,1;16,8;35,8;23,8;9;9,3;65,3;63,7;1,3;0,5;7,9;0,4;142,9;1,6;494,5;597,2;8,5;10;25,2;29,4;34,7;7,8;8,1;582,9;0,3;29,3;17,1;53,3
Baden-Württemberg;261;Böblingen;;24;585,4;357,2;176,9;301,9;610;16,8;3,3;7,9;14,1;36;21,9;10,1;7,6;42,4;41,2;3,6;2,8;22,4;0,6;204,8;4,2;438,9;725;10,3;8,1;30;36,5;25,4;6;6;421,5;0,4;53,4;17;29,2
Baden-Württemberg;262;Esslingen;Erläuterungen siehe Vorbemerkungen;15;208,7;240,9;118,5;202,4;1154;15,5;3;7,6;14;35,5;24,4;9,4;8,6;40,1;36,8;4,1;1,2;16,4;0,9;133,9;4,3;463,8;704,4;10,2;7,8;31,6;38,1;21,8;5,4;5,4;345,8;0,6;46,9;22,6;29,9
Baden-Württemberg;263;Nürtingen;Erläuterungen siehe Vorbemerkungen;31;465,2;287,1;141,3;250,8;617;16,7;3,3;7,8;13,5;36,6;22,2;9,4;8,6;40,1;36,8;4,1;3,2;18,2;0,9;133,9;3,7;449,4;704,4;10,2;7,8;31,6;38,1;21,8;5,4;5,4;345,8;0,6;46,9;22,6;29,9
Baden-Württemberg;264;Göppingen;;38;642,4;258,5;127,2;224,4;402;16,6;3,5;8;12,8;35;24,1;8,6;9,4;29,1;27,5;0,9;4,4;25,5;1;115,5;3,7;442,4;698,3;11,2;8,5;30;40,5;20,7;6,4;7;295;0,6;49,8;19,3;30,3
Baden-Württemberg;265;Waiblingen;;18;513,4;314,3;154,1;271,2;612;16,6;3,2;7,5;13,5;36;23,2;9,6;8,6;37,1;36,1;2,1;5;10;0,9;108,5;4,1;455,3;695,7;10,2;8;29,4;41,3;20,9;5,8;6,1;293,3;1,1;46,6;19,5;32,8
Baden-Württemberg;266;Ludwigsburg;Erläuterungen siehe Vorbemerkungen;15;339,3;301,1;148,6;251,4;888;16,2;3;7,6;14,2;35,8;23,1;9,9;8,1;41,2;37,7;5,2;2,9;20,9;0,9;111,8;4,7;463,4;683,7;10,4;8,5;29,5;39,5;22,6;5,4;5,5;317,7;1,1;44,1;23,8;31,1
Baden-Württemberg;267;Neckar-Zaber;Erläuterungen siehe Vorbemerkungen;39;642,4;311;153,6;273,5;484;17,6;3,5;7,6;13;36,4;21,8;9,9;8,1;41,2;37,7;5,2;9,7;9,8;0,9;111,8;4,4;439,1;683,7;10,4;8,5;29,5;39,5;22,6;5,4;5,5;317,7;1,1;44,1;23,8;31,1
Baden-Württemberg;268;Heilbronn;;32;904,9;349,9;173,1;300,4;387;16,9;3,6;8,2;13,6;35;22,7;9,4;9,2;47,2;44,5;3;6,7;19,8;0,8;125,7;4;436,8;737,6;11,6;7,9;34,4;39,1;18,6;7,2;7,5;346,2;0,9;46,5;21,1;31,6
Baden-Württemberg;269;Schwäbisch Hall - Hohenlohe;;46;2260,8;298,8;147,9;278,6;132;18;3,9;8,5;12,8;34,8;22;9,5;9,5;38,1;36,1;1,9;16,7;24,3;1;125,9;4,6;417,7;781,2;12,7;8,3;36,6;39,3;15,4;6,7;6,6;342,8;0,9;47,7;22,7;28,7
Baden-Württemberg;270;Backnang - Schwäbisch Gmünd;Erläuterungen siehe Vorbemerkungen;34;838,7;246,7;121,4;221,1;294;17,4;3,6;8;12,7;35,2;23,2;9,3;9,6;27,1;27,4;-0,7;6,6;19,8;0,9;139;3,8;431,5;703,9;12,9;6,7;34,5;40,5;18,2;7,8;8;319;0,8;53,4;16;29,8
Baden-Württemberg;271;Aalen - Heidenheim;Erläuterungen siehe Vorbemerkungen;32;1644,8;309,3;152,6;283,4;188;17,4;3,7;8,3;12,9;34,1;23,7;9,3;9,6;27,1;27,4;-0,7;8,7;27,4;0,9;139;3,6;433,4;703,9;12,9;6,7;34,5;40,5;18,2;7,8;8;319;0,8;53,4;16;29,8
Baden-Württemberg;272;Karlsruhe-Stadt;;1;173,5;284,2;139,8;240,9;1638;13,1;2,6;8,3;15,9;35,5;24,7;9;10,7;78,5;72,2;4,5;0,4;23,3;0,5;79,6;1,6;499,1;595;8,5;9,1;26;32,2;32,7;9,4;9,6;521,1;0,2;21,2;24,4;54,2
Baden-Württemberg;273;Karlsruhe-Land;Erläuterungen siehe Vorbemerkungen;21;718,4;277,9;136,3;254,2;387;16,4;3,3;7,4;12,1;37,3;23,4;8,4;8,8;37,3;33,8;3,2;3,5;27,2;0,7;95,3;2,3;417,3;691,6;11;5,8;30,2;43,6;20,4;6,3;6,4;282,2;0,7;43,7;20,2;35,4
Baden-Württemberg;274;Rastatt;;24;879;281,9;136,5;255,5;321;15,4;3,3;7,4;12,1;36,2;25,6;8,2;10,3;43,8;37,8;3,8;4,8;12,2;0,8;144,7;3;464;723,5;10,6;8,6;38;33,1;20,3;6,2;6,6;370,4;0,8;49,7;18,5;31,1
Baden-Württemberg;275;Heidelberg;;12;305,6;299,4;143,3;260,7;980;13,2;2,6;9,1;15,5;36,5;23;8,4;8,9;95,7;92,5;2,8;1,7;20,4;0,4;77,4;3,8;480,5;492,1;9,4;4,8;19,3;26,4;49;7,7;8,6;520,7;0,3;20,3;18,6;60,8
Baden-Württemberg;276;Mannheim;;1;145;307,5;150,9;238,4;2121;13,6;2,7;8,3;14,8;36,7;24;8,8;10,7;55,4;54,8;-1,3;0,3;29,6;0,5;147,1;1,4;530;580,9;9,3;9,4;32,6;31,5;25,5;11,8;11,8;513,9;0,3;34,6;22,8;42,2
Baden-Württemberg;277;Odenwald - Tauber;;45;2430,7;288,9;143,2;272,5;119;16,7;3,8;8,2;12,4;35,2;23,7;8,9;9,5;30,8;29,7;0,6;13,4;30;0,9;104,7;3,5;423;732,4;12,8;8,2;35,2;37,3;19,4;7,3;7,7;288,8;0,8;48,6;15,4;35,2
Baden-Württemberg;278;Rhein-Neckar;;34;724,9;267,7;131,5;241,6;369;16,6;3,4;7,8;12,8;37;22,3;8,8;9,3;41;38,4;2;3,7;25,8;0,6;74,2;3;431,7;684;9,6;7,9;33,8;34,6;23,7;7;7,4;254,1;0,7;38,9;21,8;38,5
Baden-Württemberg;279;Bruchsal - Schwetzingen;Erläuterungen siehe Vorbemerkungen;20;506,6;259,2;127,2;233,7;512;15,9;3,3;7,7;13,1;37,2;22,8;8,4;8,8;37,3;33,8;3,2;2;32,2;0,7;95,3;3,9;448,9;691,6;11;5,8;30,2;43,6;20,4;6,3;6,4;282,2;0,7;43,7;20,2;35,4
Baden-Württemberg;280;Pforzheim;;29;671,8;314,9;153,6;275;469;16,8;3,4;7,8;12,5;35,7;23,8;8,7;9;46,4;43,6;2,6;2,3;28,3;1,2;119,3;2,9;451,2;650,8;10,8;8,1;33,1;37,2;20,8;8,1;7,5;316,8;0,6;50,1;20,6;28,7
Baden-Württemberg;281;Calw;;42;1668,2;283,9;139,3;255,3;170;17,7;3,7;8,3;12,8;34,8;22,7;9,3;9,5;46,2;44,7;1,3;6,8;19,6;0,9;93,2;3,2;438;697,5;11,3;8,7;37,6;41,5;12,2;6;6,4;276,9;1;43,6;22;33,4
Baden-Württemberg;282;Freiburg;;20;452,9;297,4;142,7;262,6;657;14,4;2,8;10,2;15,9;36,2;20,4;9,2;8,7;84,5;74,2;10,7;9,7;6,1;0,5;60,6;3,9;449,8;493,8;10,3;6,3;22,1;32,1;38,8;8,9;8,6;440,5;0,2;18,5;24,2;57,1
Baden-Württemberg;283;Lörrach - Müllheim;;55;1155,1;307;149,2;275,3;266;17;3,5;7,6;12,4;36;23,5;8,6;8,7;49,2;44,3;4,8;9,2;14,5;0,7;82,5;4,1;442,1;691,5;10,4;8,1;33,1;37,2;21,5;6,1;6,2;273,8;1,1;43,1;23,8;31,9
Baden-Württemberg;284;Emmendingen - Lahr;;41;1194,5;279,2;136,8;261,3;234;17,3;3,7;8;12,5;36;22,5;9,2;8,8;39,1;35,2;4,2;14;10,7;0,9;85,7;4,1;429,1;700,7;11,1;6,8;37,4;40,5;15,3;6,4;6,3;254,2;1,2;47,3;19,9;31,6
Baden-Württemberg;285;Offenburg;;29;1104,6;271,1;132,9;251,1;245;17,1;3,6;7,9;12,5;35,3;23,6;8,9;9,4;26,7;23,2;3,1;16,1;9,1;1,1;123,5;3,7;430,9;715,1;12,8;7,7;36,4;37,9;17,9;6,6;6,9;348,8;0,8;44;24,4;30,8
Baden-Württemberg;286;Rottweil - Tuttlingen;;57;1503,8;277,4;136,6;251,6;184;17,9;3,8;8,1;12,7;34;23,6;9,6;9,3;32,5;31,9;0,8;7,8;26,6;1,5;163,3;3,7;431,3;721,3;12,2;7,9;37,6;36,1;18,4;6,2;6,1;344,8;0,5;60,1;16,2;23,3
Baden-Württemberg;287;Schwarzwald-Baar;;25;1266,8;232,9;113,7;208,7;184;16,4;3,6;8,1;12,2;34,4;25,3;8,8;10,3;33,7;32,7;-0,5;8,6;22,3;1,3;134;3,6;462,5;700,7;13;7,8;33;41,5;17,7;7,5;7,5;354;0,5;46,8;18,7;33,9
Baden-Württemberg;288;Konstanz;;25;818;274,1;133;242;335;15,2;3,1;8,5;13,3;36;23,9;8,4;9,7;50,5;43,2;5,9;5,1;25,8;0,6;83,5;3,8;466,5;642,8;10;8,5;31,4;38,3;21,8;8,1;7,6;296,8;1,4;37,3;23,5;37,7
Baden-Württemberg;289;Waldshut;;50;1861,4;245,9;120,2;223,1;132;17,1;3,6;8,1;12,5;34,9;23,7;8,6;8,9;34,8;33,3;1,2;13,5;19,3;0,7;86,6;3;450,1;727,6;12,4;6,5;41,7;35,3;16,5;6,3;6,3;270;0,9;45,6;21,4;32
Baden-Württemberg;290;Reutlingen;;27;1094,2;281,8;137,9;246,9;258;16,9;3,4;8,1;13,3;35,3;23;9,3;8,8;43,7;40,4;3,8;6,1;25,1;0,9;121,7;3,1;431,5;703,7;11,3;7;35,3;34,8;22,4;5,9;6;328,2;0,9;47,7;19,7;31,7
Baden-Württemberg;291;Tübingen;;21;788,9;266,4;131,2;235,3;338;16,8;3,4;9,2;14,2;37;19,4;9,9;6,7;55;51,8;6,4;4,1;27,8;0,7;69,9;4,3;427,2;621,5;11,5;7,1;28,6;32,5;31;6,2;6,3;280,6;0,5;30,4;17,8;51,3
Baden-Württemberg;292;Ulm;;56;1476;309,8;153,4;271,8;210;17;3,5;8,7;14,1;34,6;22;10;8,7;52,2;48,2;5,2;9,6;27,5;0,9;122,5;3,8;428,5;685,3;11,8;6,6;30,8;37,2;25,4;6,8;7,2;380,7;0,5;38,3;24;37,2
Baden-Württemberg;293;Biberach;;59;2423,4;322,1;159;301,1;133;19;3,9;8,4;13,1;34,3;21,3;9,6;8,6;35,4;30,8;5,6;15,6;27,2;0,9;119,9;4,5;413,1;728,3;13,3;6,7;35;40;18,3;5,5;5,8;326,8;0,9;46,4;18,6;34,1
Baden-Württemberg;294;Ravensburg - Bodensee;;37;1152,5;333,4;163,2;302,5;289;16,7;3,5;8;13,1;35,4;23,3;9,1;9,5;58,6;52,8;5,3;10,6;17,5;0,7;136,7;4,8;453,8;724,5;12;8,4;26,1;43,1;22,5;6,7;6,5;336;1;48,7;18,2;32
Baden-Württemberg;295;Zollernalb - Sigmaringen;;55;1982,8;288;142,6;264,5;145;17,7;3,8;8,1;12,5;34,7;23,2;8,8;9,3;32,7;32,9;-0,8;11,1;27,6;1,1;118,1;3,5;424,4;742,9;12,3;7,5;33,8;41,5;17,2;7,8;8,7;296,7;0,9;50,7;19,7;28,7
Baden-Württemberg;0;Land insgesamt;;1111;35751,6;10717,4;5260,2;9435,7;300;16,3;3,4;8,1;13,5;35,6;23,1;9,1;9,1;44,5;41,6;3;6,7;20,4;0,8;116,7;3,5;448,3;685;11;7,8;32,5;37,6;21,9;6,9;7;348,8;0,7;42,2;20,4;36,7
Saarland;296;Saarbrücken;;6;325,3;280,1;134,7;244,7;861;13,4;2,9;7,7;12,6;37,1;26,3;7,4;13,1;32,6;32,1;-5,2;0,5;27,9;0,4;93,8;1,5;514,5;670;9,5;8,7;30,6;31,8;26,7;12,7;12,8;404,4;0,3;30;21,4;48,2
Saarland;297;Saarlouis;;18;891,4;279;135,6;258,3;313;15;3,4;7,5;11,5;36,6;25,9;7,4;11,4;31,2;27,3;-0,2;2,8;38,2;0,5;109,2;3,3;442,5;717,9;10,7;9,2;32,7;36,9;20,3;8,3;8,6;292,3;0,6;46,4;23;30
Saarland;298;St. Wendel;;16;801,6;234;115,3;221,5;292;14,7;3,4;7,6;11,4;36,8;26,1;6,8;12;26,6;25,8;-4,4;2,6;47,2;0,4;63,9;2,7;439,8;717,3;10,8;10,3;35,6;35,5;18;8,8;9,7;235,3;0,6;37,6;21,7;40
Saarland;299;Homburg;;12;550,4;263,4;127,9;243;479;14,3;3,2;7,5;11,5;36,7;26,8;6,7;11,5;31,6;31,3;-4,5;1,4;40,6;0,6;132,3;2,6;475,9;724,6;9,7;10;28,5;35,1;25,4;9;9,2;362,8;0,5;45,5;19,3;34,7
Saarland;0;Land insgesamt;;52;2568,7;1056,4;513,5;967,5;411;14,3;3,2;7,6;11,8;36,8;26,2;7,2;12,1;30,7;29,1;-3,4;1,8;40,9;0,5;97,3;2,5;469;703,1;10,2;9,4;32,2;34,7;22,4;10;10,3;326,3;0,4;38,2;21,6;39,8
Deutschland;0;Insgesamt;;12430;357028,6;82500,8;40353,6;75210,9;231;15;3,4;8,1;13;36;24,4;8,6;10,3;41,4;39,7;-0,1;5,4;38,1;0,6;76,4;3,5;471,6;650,1;11,3;9,2;25,2;40,4;24;11,5;11,9;321,5;1,2;33,1;23,3;42,4

